form	records	name	number	elections
Daugiamandatė	2956			2000-seimo,2004-seimo,2008-seimo,2012-seimo
Daugiamandatė, šioje apygardoje išrinkta Seimo nare.	2			2000-seimo
Daugiamandatė, šioje apygardoje išrinktas Seimo nariu.	22			2000-seimo
Akmenės - Joniškio	37	Akmenės–Joniškio		2000-seimo,2004-seimo,2008-seimo,2012-seimo
Akmenės Joniškio	10	Akmenės–Joniškio		1996-spalio-20-seimo
Akmenės-Mažeikių (Nr. 39)	9	Akmenės–Mažeikių	39	2016-seimo
19. Aleksoto–Vilijampolės	11	Aleksoto–Vilijampolės	19	2020-seimo
Aleksoto - Vilijampolės	49	Aleksoto–Vilijampolės		2000-seimo,2004-seimo,2008-seimo,2012-seimo
Aleksoto Vilijampolės	12	Aleksoto–Vilijampolės		1996-spalio-20-seimo
Aleksoto-Vilijampolės (Nr. 19)	11	Aleksoto–Vilijampolės	19	2016-seimo
Aleksoto–Vilijampolės Nr. 19	12	Aleksoto–Vilijampolės	19	2024-seimo
30. Alytaus	12	Alytaus	30	2020-seimo
Alytaus	54	Alytaus		1996-spalio-20-seimo,2000-seimo,2004-seimo,2008-seimo,2012-seimo
Alytaus (Nr. 30)	10	Alytaus	30	2016-seimo
Alytaus Nr. 30	10	Alytaus	30	2024-seimo
3. Antakalnio	14	Antakalnio	3	2020-seimo
Antakalnio	69	Antakalnio		1996-spalio-20-seimo,2000-seimo,2003-birzelio-15-seimo-nauji,2004-seimo,2008-seimo,2012-seimo
Antakalnio (Nr. 3)	11	Antakalnio	3	2016-seimo
Antakalnio Nr. 3	9	Antakalnio	3	2024-seimo
Anykščių - Kupiškio	41	Anykščių–Kupiškio		2000-seimo,2004-seimo,2008-seimo,2012-seimo
Anykščių Kupiškio	11	Anykščių–Kupiškio		1996-spalio-20-seimo
Anykščių-Panevėžio	11	Anykščių–Panevėžio		2017-balandzio-23-seimo-anyksciai-panevezys
Anykščių-Panevėžio (Nr. 49)	7	Anykščių–Panevėžio	49	2016-seimo
33. Aukštaitijos	10	Aukštaitijos	33	2020-seimo
Aukštaitijos	59	Aukštaitijos		1996-spalio-20-seimo,1997-gruodzio-21-seimo-pakartotiniai,2000-seimo,2004-seimo,2008-seimo,2012-seimo
Aukštaitijos (Nr. 28)	8	Aukštaitijos	28	2016-seimo
Aukštaitijos Nr. 33	9	Aukštaitijos	33	2024-seimo
25. Aušros	13	Aušros	25	2020-seimo
Aušros	57	Aušros		1996-spalio-20-seimo,2000-seimo,2004-seimo,2008-seimo,2012-seimo
Aušros (Nr. 25)	10	Aušros	25	2016-seimo
Aušros Nr. 27	11	Aušros	27	2024-seimo
24. Baltijos	12	Baltijos	24	2020-seimo
Baltijos	59	Baltijos		1996-spalio-20-seimo,2000-seimo,2004-seimo,2008-seimo,2012-seimo
Baltijos (Nr. 20)	12	Baltijos	20	2016-seimo
Baltijos Nr. 24	12	Baltijos	24	2024-seimo
Biržų - Kupiškio	55	Biržų–Kupiškio		2000-seimo,2004-seimo,2008-seimo,2012-seimo,2013-kovo-3-seimo-birzai-zarasai-ukmerge
Biržų Kupiškio	13	Biržų–Kupiškio		1996-spalio-20-seimo
Biržų-Kupiškio (Nr. 48)	9	Biržų–Kupiškio	48	2016-seimo
Centro	61	Centro		1996-spalio-20-seimo,2000-seimo,2004-seimo,2008-seimo,2012-seimo
20. Centro–Žaliakalnio	15	Centro–Žaliakalnio	20	2020-seimo
Centro-Žaliakalnio (Nr. 13)	12	Centro–Žaliakalnio	13	2016-seimo
Centro–Žaliakalnio Nr. 20	13	Centro–Žaliakalnio	20	2024-seimo
67. Dainavos	9	Dainavos	67	2020-seimo
Dainavos	56	Dainavos		1996-spalio-20-seimo,2000-seimo,2004-seimo,2008-seimo,2012-seimo
Dainavos (Nr. 16)	10	Dainavos	16	2016-seimo
Dainavos Nr. 67	10	Dainavos	67	2024-seimo
Dainų	56	Dainų		1996-spalio-20-seimo,2000-seimo,2004-seimo,2008-seimo,2012-seimo
23. Danės	10	Danės	23	2020-seimo
Danės	47	Danės		1996-spalio-20-seimo,2000-seimo,2004-seimo,2008-seimo,2012-seimo
Danės (Nr. 23)	9	Danės	23	2016-seimo
Danės Nr. 23	9	Danės	23	2024-seimo
61. Deltuvos pietinė	11	Deltuvos pietinė	61	2020-seimo
Deltuvos pietinė Nr. 61	10	Deltuvos pietinė	61	2024-seimo
49. Deltuvos šiaurinė	8	Deltuvos šiaurinė	49	2020-seimo
Deltuvos šiaurinė Nr. 49	9	Deltuvos šiaurinė	49	2024-seimo
69. Dzūkijos	14	Dzūkijos	69	2020-seimo
Dzūkijos	57	Dzūkijos		1996-spalio-20-seimo,2000-seimo,2004-seimo,2007-spalio-7-seimo-dzukija,2008-seimo,2012-seimo
Dzūkijos (Nr. 69)	8	Dzūkijos	69	2016-seimo
Dzūkijos Nr. 69	10	Dzūkijos	69	2024-seimo
5. Fabijoniškių	15	Fabijoniškių	5	2020-seimo
Fabijoniškių	66	Fabijoniškių		1996-spalio-20-seimo,2000-seimo,2004-seimo,2008-seimo,2012-seimo
Fabijoniškių (Nr. 5)	11	Fabijoniškių	5	2016-seimo
Fabijoniškių Nr. 5	11	Fabijoniškių	5	2024-seimo
31. Gargždų	8	Gargždų	31	2020-seimo
Gargždų	58	Gargždų		1996-spalio-20-seimo,2000-seimo,2004-seimo,2008-seimo,2012-seimo,2019-rugsejo-8-seimo
Gargždų (Nr. 31)	7	Gargždų	31	2016-seimo
Gargždų Nr. 31	6	Gargždų	31	2024-seimo
66. Garliavos	9	Garliavos	66	2020-seimo
Garliavos (Nr. 66)	8	Garliavos	66	2016-seimo
Garliavos Nr. 66	10	Garliavos	66	2024-seimo
Ignalinos - Švenčionių	37	Ignalinos–Švenčionių		2000-seimo,2004-seimo,2008-seimo,2012-seimo
Ignalinos Švenčionių	14	Ignalinos–Švenčionių		1996-spalio-20-seimo
60. Jonavos	8	Jonavos	60	2020-seimo
Jonavos	58	Jonavos		1996-spalio-20-seimo,2000-seimo,2004-seimo,2008-seimo,2012-seimo
Jonavos (Nr. 60)	8	Jonavos	60	2016-seimo
Jonavos Nr. 60	6	Jonavos	60	2024-seimo
70. Jotvingių	11	Jotvingių	70	2020-seimo
Jotvingių Nr. 70	9	Jotvingių	70	2024-seimo
Jurbarko	48	Jurbarko		1996-spalio-20-seimo,2000-seimo,2004-seimo,2008-seimo,2012-seimo
Jurbarko-Pagėgių (Nr. 62)	9	Jurbarko–Pagėgių	62	2016-seimo
Justiniškių	66	Justiniškių		1996-spalio-20-seimo,2000-seimo,2004-seimo,2008-seimo,2012-seimo
Justiniškių (Nr. 7)	10	Justiniškių	7	2016-seimo
7. Justiniškių–Viršuliškių	13	Justiniškių–Viršuliškių	7	2020-seimo
Justiniškių–Viršuliškių Nr. 7	11	Justiniškių–Viršuliškių	7	2024-seimo
59. Kaišiadorių–Elektrėnų	12	Kaišiadorių–Elektrėnų	59	2020-seimo
Kaišiadorių - Elektrėnų	43	Kaišiadorių–Elektrėnų		2000-seimo,2004-seimo,2008-seimo,2012-seimo
Kaišiadorių-Elektrėnų	15	Kaišiadorių–Elektrėnų		1996-spalio-20-seimo
Kaišiadorių-Elektrėnų (Nr. 59)	10	Kaišiadorių–Elektrėnų	59	2016-seimo
Kaišiadorių–Elektrėnų Nr. 59	11	Kaišiadorių–Elektrėnų	59	2024-seimo
15. Kalniečių	11	Kalniečių	15	2020-seimo
Kalniečių	61	Kalniečių		1996-spalio-20-seimo,2000-seimo,2004-seimo,2008-seimo,2012-seimo
Kalniečių (Nr. 15)	9	Kalniečių	15	2016-seimo
Kalniečių Nr. 15	9	Kalniečių	15	2024-seimo
Karoliniškių	69	Karoliniškių		1996-spalio-20-seimo,2000-seimo,2004-seimo,2008-seimo,2012-seimo
Karoliniškių (Nr. 8)	11	Karoliniškių	8	2016-seimo
62. Karšuvos	6	Karšuvos	62	2020-seimo
Karšuvos Nr. 62	9	Karšuvos	62	2024-seimo
Kauno kaimiškoji	55	Kauno kaimiškoji		1996-spalio-20-seimo,2000-seimo,2004-seimo,2008-seimo,2012-seimo
Kauno - Kėdainių	42	Kauno–Kėdainių		2000-seimo,2004-seimo,2008-seimo,2012-seimo
Kauno Kėdainių	12	Kauno–Kėdainių		1996-spalio-20-seimo
Kelmės	49	Kelmės		1996-spalio-20-seimo,2000-seimo,2004-seimo,2008-seimo,2012-seimo
Kelmės-Šiaulių (Nr. 41)	11	Kelmės–Šiaulių	41	2016-seimo
41. Kelmės–Šilalės	12	Kelmės–Šilalės	41	2020-seimo
Kelmės–Šilalės Nr. 41	9	Kelmės–Šilalės	41	2024-seimo
Kretingos	58	Kretingos		1996-spalio-20-seimo,2000-seimo,2004-seimo,2008-seimo,2012-seimo
Kretingos-Palangos (Nr. 36)	8	Kretingos–Palangos	36	2016-seimo
37. Kuršo	9	Kuršo	37	2020-seimo
Kuršo (Nr. 37)	7	Kuršo	37	2016-seimo
Kuršo Nr. 37	9	Kuršo	37	2024-seimo
Kuršėnų-Dainų (Nr. 45)	9	Kuršėnų–Dainų	45	2016-seimo
43. Kėdainių	7	Kėdainių	43	2020-seimo
Kėdainių	50	Kėdainių		1996-spalio-20-seimo,2000-seimo,2004-seimo,2005-lapkricio-20-seimo-kedainiai,2008-seimo,2012-seimo
Kėdainių (Nr. 43)	8	Kėdainių	43	2016-seimo
Kėdainių Nr. 43	9	Kėdainių	43	2024-seimo
Lazdijų - Druskininkų	50	Lazdijų–Druskininkų		2000-seimo,2004-seimo,2008-seimo,2012-seimo
Lazdijų Druskininkų	13	Lazdijų–Druskininkų		1996-spalio-20-seimo
Lazdijų-Druskininkų (Nr. 71)	9	Lazdijų–Druskininkų	71	2016-seimo
9. Lazdynų	15	Lazdynų	9	2020-seimo
Lazdynų	65	Lazdynų		1996-spalio-20-seimo,2000-seimo,2004-seimo,2008-seimo,2012-seimo
Lazdynų (Nr. 9)	11	Lazdynų	9	2016-seimo
Lazdynų Nr. 9	11	Lazdynų	9	2024-seimo
29. Marijampolės	11	Marijampolės	29	2020-seimo
Marijampolės	64	Marijampolės		1996-spalio-20-seimo,2000-seimo,2004-seimo,2008-seimo,2011-vasario-13-seimo-marijampole,2012-seimo
Marijampolės (Nr. 29)	10	Marijampolės	29	2016-seimo
Marijampolės Nr. 54	9	Marijampolės	54	2024-seimo
21. Marių	13	Marių	21	2020-seimo
Marių	57	Marių		1996-spalio-20-seimo,2000-seimo,2004-seimo,2008-seimo,2012-seimo
Marių (Nr. 21)	11	Marių	21	2016-seimo
Marių Nr. 25	8	Marių	25	2024-seimo
38. Mažeikių	10	Mažeikių	38	2020-seimo
Mažeikių	57	Mažeikių		1996-spalio-20-seimo,2000-seimo,2004-seimo,2008-seimo,2012-seimo
Mažeikių (Nr. 38)	7	Mažeikių	38	2016-seimo
Mažeikių Nr. 38	8	Mažeikių	38	2024-seimo
57. Medininkų	6	Medininkų	57	2020-seimo
Medininkų (Nr. 57)	8	Medininkų	57	2016-seimo
54. Molėtų–Širvintų	11	Molėtų–Širvintų	54	2020-seimo
Molėtų-Širvintų (Nr. 54)	9	Molėtų–Širvintų	54	2016-seimo
Molėtų - Švenčionių	39	Molėtų–Švenčionių		2000-seimo,2004-seimo,2008-seimo,2012-seimo
Molėtų Švenčionių	15	Molėtų–Švenčionių		1996-spalio-20-seimo
36. Mėguvos	12	Mėguvos	36	2020-seimo
Mėguvos Nr. 36	8	Mėguvos	36	2024-seimo
Nalšios (Nr. 53)	10	Nalšios	53	2016-seimo
53. Nalšios pietinė	11	Nalšios pietinė	53	2020-seimo
Nalšios pietinė Nr. 53	11	Nalšios pietinė	53	2024-seimo
52. Nalšios šiaurinė	10	Nalšios šiaurinė	52	2020-seimo
Nalšios šiaurinė Nr. 52	10	Nalšios šiaurinė	52	2024-seimo
Naujamiesčio	63	Naujamiesčio		1996-spalio-20-seimo,2000-seimo,2004-seimo,2008-seimo,2012-seimo
Naujamiesčio (Nr. 1)	14	Naujamiesčio	1	2016-seimo
2. Naujamiesčio–Naujininkų	13	Naujamiesčio–Naujininkų	2	2020-seimo
Naujamiesčio–Vilkpėdės Nr. 2	11	Naujamiesčio–Vilkpėdės	2	2024-seimo
Naujininkų–Rasų Nr. 14	12	Naujininkų–Rasų	14	2024-seimo
10. Naujosios Vilnios	12	Naujosios Vilnios	10	2020-seimo
Naujosios Vilnios	85	Naujosios Vilnios		1996-spalio-20-seimo,1997-kovo-23-seimo-pakartotiniai,1998-kovo-22-seimo-pakartotiniai,1999-kovo-21-seimo-pakartotiniai,2000-seimo,2004-seimo,2008-seimo,2012-seimo
Naujosios Vilnios (Nr. 10)	11	Naujosios Vilnios	10	2016-seimo
Naujosios Vilnios Nr. 10	14	Naujosios Vilnios	10	2024-seimo
55. Nemenčinės	10	Nemenčinės	55	2020-seimo
Nemenčinės (Nr. 55)	9	Nemenčinės	55	2016-seimo
Nemenčinės Nr. 57	10	Nemenčinės	57	2024-seimo
28. Nevėžio	13	Nevėžio	28	2020-seimo
Nevėžio	80	Nevėžio		1996-spalio-20-seimo,1998-lapkricio-15-seimo-pakartotiniai,1999-kovo-21-seimo-pakartotiniai,2000-seimo,2003-birzelio-15-seimo-nauji,2004-seimo,2008-seimo,2012-seimo
Nevėžio (Nr. 26)	9	Nevėžio	26	2016-seimo
Nevėžio Nr. 28	10	Nevėžio	28	2024-seimo
22. Pajūrio	11	Pajūrio	22	2020-seimo
Pajūrio	62	Pajūrio		1996-spalio-20-seimo,2000-seimo,2004-seimo,2008-seimo,2012-seimo
Pajūrio (Nr. 22)	9	Pajūrio	22	2016-seimo
Pajūrio Nr. 22	12	Pajūrio	22	2024-seimo
Pakruojo - Joniškio	36	Pakruojo–Joniškio		2000-seimo,2004-seimo,2008-seimo,2012-seimo
Pakruojo Joniškio	12	Pakruojo–Joniškio		1996-spalio-20-seimo
18. Panemunės	10	Panemunės	18	2020-seimo
Panemunės	64	Panemunės		1996-spalio-20-seimo,2000-seimo,2004-seimo,2008-seimo,2012-seimo
Panemunės (Nr. 18)	10	Panemunės	18	2016-seimo
Panemunės Nr. 18	11	Panemunės	18	2024-seimo
Panerių (Nr. 11)	14	Panerių	11	2016-seimo
11. Panerių–Grigiškių	13	Panerių–Grigiškių	11	2020-seimo
27. Panevėžio vakarinė	11	Panevėžio vakarinė	27	2020-seimo
Panevėžio vakarinė Nr. 29	11	Panevėžio vakarinė	29	2024-seimo
71. Pasaulio lietuvių	10	Pasaulio lietuvių	71	2020-seimo
Pasaulio lietuvių Nr. 71	11	Pasaulio lietuvių	71	2024-seimo
Pasvalio-Pakruojo (Nr. 47)	10	Pasvalio–Pakruojo	47	2016-seimo
Pasvalio - Panevėžio	34	Pasvalio–Panevėžio		2000-seimo,2004-seimo,2008-seimo,2012-seimo
Pasvalio Panevėžio	9	Pasvalio–Panevėžio		1996-spalio-20-seimo
13. Pašilaičių	13	Pašilaičių	13	2020-seimo
Pašilaičių Nr. 13	12	Pašilaičių	13	2024-seimo
Petrašiūnų (Nr. 17)	9	Petrašiūnų	17	2016-seimo
17. Petrašiūnų–Gričiupio	11	Petrašiūnų–Gričiupio	17	2020-seimo
Petrašiūnų–Gričiupio Nr. 17	10	Petrašiūnų–Gričiupio	17	2024-seimo
Pietų Žemaitijos (Nr. 33)	8	Pietų Žemaitijos	33	2016-seimo
8. Pilaitės–Karoliniškių	13	Pilaitės–Karoliniškių	8	2020-seimo
Pilaitės–Karoliniškių Nr. 8	12	Pilaitės–Karoliniškių	8	2024-seimo
Plungės	9	Plungės		1996-spalio-20-seimo
Plungės (Nr. 35)	7	Plungės	35	2016-seimo
35. Plungės–Rietavo	9	Plungės–Rietavo	35	2020-seimo
Plungės - Rietavo	37	Plungės–Rietavo		2000-seimo,2004-seimo,2008-seimo,2012-seimo
Plungės–Rietavo Nr. 35	8	Plungės–Rietavo	35	2024-seimo
Pramonės	63	Pramonės		1996-spalio-20-seimo,2000-seimo,2004-seimo,2008-seimo,2012-seimo
Prienų	39	Prienų		1996-spalio-20-seimo,2000-seimo,2004-seimo,2008-seimo
Prienų - Birštono	13	Prienų–Birštono		2012-seimo
Prienų-Birštono (Nr. 67)	9	Prienų–Birštono	67	2016-seimo
Radviliškio	50	Radviliškio		1996-spalio-20-seimo,2000-seimo,2004-seimo,2008-seimo,2012-seimo
Radviliškio (Nr. 44)	11	Radviliškio	44	2016-seimo
44. Radviliškio–Tytuvėnų	9	Radviliškio–Tytuvėnų	44	2020-seimo
Radviliškio–Tytuvėnų Nr. 44	10	Radviliškio–Tytuvėnų	44	2024-seimo
Raseinių	57	Raseinių		1996-spalio-20-seimo,2000-seimo,2004-seimo,2008-seimo,2012-seimo
Raseinių–Josvainių Nr. 42	6	Raseinių–Josvainių	42	2024-seimo
42. Raseinių–Kėdainių	10	Raseinių–Kėdainių	42	2020-seimo
Raseinių-Kėdainių (Nr. 42)	10	Raseinių–Kėdainių	42	2016-seimo
Raseinių–Kėdainių( 42)	8	Raseinių–Kėdainių	42	2023-rugsejo-3-seimo-raseiniai-kedainiai
65. Raudondvario	9	Raudondvario	65	2020-seimo
Raudondvario (Nr. 65)	8	Raudondvario	65	2016-seimo
Raudondvario Nr. 65	10	Raudondvario	65	2024-seimo
Riešės Nr. 55	11	Riešės	55	2024-seimo
Rokiškio	55	Rokiškio		1996-spalio-20-seimo,2000-seimo,2004-seimo,2008-seimo,2012-seimo
26. Saulės	10	Saulės	26	2020-seimo
Saulės	57	Saulės		1996-spalio-20-seimo,2000-seimo,2004-seimo,2008-seimo,2012-seimo
Saulės (Nr. 24)	11	Saulės	24	2016-seimo
Saulės Nr. 26	11	Saulės	26	2024-seimo
16. Savanorių	11	Savanorių	16	2020-seimo
Savanorių Nr. 16	11	Savanorių	16	2024-seimo
Senamiesčio	72	Senamiesčio		1996-spalio-20-seimo,2000-seimo,2003-birzelio-15-seimo-nauji,2004-seimo,2008-seimo,2012-seimo
Senamiesčio (Nr. 2)	13	Senamiesčio	2	2016-seimo
1. Senamiesčio–Žvėryno	15	Senamiesčio–Žvėryno	1	2020-seimo
Senamiesčio–Žvėryno Nr. 1	11	Senamiesčio–Žvėryno	1	2024-seimo
Skuodo - Mažeikių	43	Skuodo–Mažeikių		2000-seimo,2004-seimo,2008-seimo,2012-seimo
Skuodo Mažeikių	9	Skuodo–Mažeikių		1996-spalio-20-seimo
Suvalkijos	53	Suvalkijos		1996-spalio-20-seimo,2000-seimo,2004-seimo,2008-seimo,2012-seimo
Sėlos (Nr. 50)	8	Sėlos	50	2016-seimo
50. Sėlos rytinė	8	Sėlos rytinė	50	2020-seimo
Sėlos rytinė Nr. 50	9	Sėlos rytinė	50	2024-seimo
48. Sėlos vakarinė	10	Sėlos vakarinė	48	2020-seimo
Sėlos vakarinė Nr. 48	11	Sėlos vakarinė	48	2024-seimo
Sūduvos (Nr. 63)	7	Sūduvos	63	2016-seimo
63. Sūduvos pietinė	9	Sūduvos pietinė	63	2020-seimo
Sūduvos pietinė Nr. 63	9	Sūduvos pietinė	63	2024-seimo
64. Sūduvos šiaurinė	8	Sūduvos šiaurinė	64	2020-seimo
Sūduvos šiaurinė Nr. 64	10	Sūduvos šiaurinė	64	2024-seimo
34. Tauragės	8	Tauragės	34	2020-seimo
Tauragės	54	Tauragės		1996-spalio-20-seimo,2000-seimo,2004-seimo,2008-seimo,2012-seimo
Tauragės (Nr. 34)	8	Tauragės	34	2016-seimo
Tauragės Nr. 34	6	Tauragės	34	2024-seimo
40. Telšių	10	Telšių	40	2020-seimo
Telšių	50	Telšių		1996-spalio-20-seimo,2000-seimo,2004-seimo,2008-seimo,2012-seimo
Telšių (Nr. 40)	9	Telšių	40	2016-seimo
Telšių Nr. 40	10	Telšių	40	2024-seimo
Trakų	22	Trakų		1996-spalio-20-seimo,1997-kovo-23-seimo-pakartotiniai
Trakų - Elektrėnų	50	Trakų–Elektrėnų		2000-seimo,2004-seimo,2008-seimo,2012-seimo
58. Trakų–Vievio	10	Trakų–Vievio	58	2020-seimo
Trakų-Vievio (Nr. 58)	11	Trakų–Vievio	58	2016-seimo
Trakų–Vievio Nr. 58	10	Trakų–Vievio	58	2024-seimo
Ukmergės	70	Ukmergės		1996-spalio-20-seimo,2000-seimo,2004-seimo,2008-seimo,2012-seimo,2013-kovo-3-seimo-birzai-zarasai-ukmerge
Ukmergės (Nr. 61)	10	Ukmergės	61	2016-seimo
51. Utenos	12	Utenos	51	2020-seimo
Utenos	53	Utenos		1996-spalio-20-seimo,2000-seimo,2004-seimo,2008-seimo,2012-seimo
Utenos (Nr. 51)	7	Utenos	51	2016-seimo
Utenos Nr. 51	11	Utenos	51	2024-seimo
Vakarinė	58	Vakarinė		1996-spalio-20-seimo,2000-seimo,2004-seimo,2008-seimo,2012-seimo
Vakarinė (Nr. 27)	8	Vakarinė	27	2016-seimo
Varėnos - Eišiškių	46	Varėnos–Eišiškių		2000-seimo,2004-seimo,2008-seimo,2012-seimo
Varėnos - Eišiškių (Nr.70)	8	Varėnos–Eišiškių	70	2015-birzelio-7-seimo-varena-eisiskes
Varėnos Eišiškių	13	Varėnos–Eišiškių		1996-spalio-20-seimo
Varėnos-Trakų (Nr. 70)	10	Varėnos–Trakų	70	2016-seimo
12. Verkių	13	Verkių	12	2020-seimo
Verkių (Nr. 12)	12	Verkių	12	2016-seimo
Verkių Nr. 12	11	Verkių	12	2024-seimo
68. Vilkaviškio	7	Vilkaviškio	68	2020-seimo
Vilkaviškio	43	Vilkaviškio		1996-spalio-20-seimo,2000-seimo,2004-seimo,2008-seimo,2012-seimo
Vilkaviškio (Nr. 68)	7	Vilkaviškio	68	2016-seimo
Vilkaviškio Nr. 68	7	Vilkaviškio	68	2024-seimo
Vilniaus pietinė Nr. 11	13	Vilniaus pietinė	11	2024-seimo
Vilniaus - Trakų	42	Vilniaus–Trakų		2000-seimo,2004-seimo,2008-seimo,2012-seimo
Vilniaus Trakų	29	Vilniaus–Trakų		1996-spalio-20-seimo,1997-kovo-23-seimo-pakartotiniai,1998-kovo-22-seimo-pakartotiniai,1999-kovo-21-seimo-pakartotiniai
Vilniaus - Šalčininkų	43	Vilniaus–Šalčininkų		2000-seimo,2004-seimo,2008-seimo,2009-lapkricio-15-seimo-silale-silute-vilnius-salcininkai,2012-seimo
Vilniaus Šalčininkų	15	Vilniaus–Šalčininkų		1996-spalio-20-seimo,1997-kovo-23-seimo-pakartotiniai
Visagino-Zarasų (Nr. 52)	10	Visagino–Zarasų	52	2016-seimo
Zanavykų	6	Zanavykų		2018-rugsejo-16-seimo-zanavykai
Zanavykų (Nr. 64)	9	Zanavykų	64	2016-seimo
Zarasų - Visagino	57	Zarasų–Visagino		2000-seimo,2004-seimo,2008-seimo,2012-seimo,2013-kovo-3-seimo-birzai-zarasai-ukmerge
Zarasų-Visagino	9	Zarasų–Visagino		1996-spalio-20-seimo
Šakių	43	Šakių		1996-spalio-20-seimo,2000-seimo,2004-seimo,2008-seimo,2012-seimo
56. Šalčininkų–Vilniaus	6	Šalčininkų–Vilniaus	56	2020-seimo
Šalčininkų-Vilniaus (Nr. 56)	8	Šalčininkų–Vilniaus	56	2016-seimo
Šalčininkų–Vilniaus Nr. 56	7	Šalčininkų–Vilniaus	56	2024-seimo
Šeškinės	74	Šeškinės		1996-spalio-20-seimo,2000-seimo,2003-birzelio-15-seimo-nauji,2004-seimo,2008-seimo,2012-seimo
Šeškinės (Nr. 6)	11	Šeškinės	6	2016-seimo
6. Šeškinės–Šnipiškių	13	Šeškinės–Šnipiškių	6	2020-seimo
Šeškinės–Šnipiškių Nr. 6	12	Šeškinės–Šnipiškių	6	2024-seimo
Šiaulių kaimiškoji	54	Šiaulių kaimiškoji		1996-spalio-20-seimo,2000-seimo,2004-seimo,2008-seimo,2012-seimo
45. Šiaulių krašto	9	Šiaulių krašto	45	2020-seimo
Šiaulių krašto Nr. 45	8	Šiaulių krašto	45	2024-seimo
14. Šilainių	12	Šilainių	14	2020-seimo
Šilainių	62	Šilainių		1996-spalio-20-seimo,2000-seimo,2004-seimo,2008-seimo,2012-seimo
Šilainių (Nr. 14)	10	Šilainių	14	2016-seimo
Šilainių Nr. 21	12	Šilainių	21	2024-seimo
Šilalės - Šilutės	46	Šilalės–Šilutės		2000-seimo,2004-seimo,2008-seimo,2009-lapkricio-15-seimo-silale-silute-vilnius-salcininkai,2012-seimo
Šilalės Šilutės	8	Šilalės–Šilutės		1996-spalio-20-seimo
32. Šilutės	8	Šilutės	32	2020-seimo
Šilutės	12	Šilutės		1996-spalio-20-seimo
Šilutės (Nr. 32)	8	Šilutės	32	2016-seimo
Šilutės Nr. 32	8	Šilutės	32	2024-seimo
Šilutės - Pagėgių	36	Šilutės–Pagėgių		2000-seimo,2004-seimo,2008-seimo,2012-seimo
Širvintų - Vilniaus	48	Širvintų–Vilniaus		2000-seimo,2004-seimo,2008-seimo,2012-seimo
Širvintų Vilniaus	11	Širvintų–Vilniaus		1996-spalio-20-seimo
Žaliakalnio	62	Žaliakalnio		1996-spalio-20-seimo,2000-seimo,2004-seimo,2008-seimo,2012-seimo
39. Žemaitijos šiaurinė	8	Žemaitijos šiaurinė	39	2020-seimo
Žemaitijos šiaurinė Nr. 39	7	Žemaitijos šiaurinė	39	2024-seimo
Žiemgalos	6	Žiemgalos		2019-rugsejo-8-seimo
Žiemgalos (Nr. 46)	8	Žiemgalos	46	2016-seimo
47. Žiemgalos rytinė	11	Žiemgalos rytinė	47	2020-seimo
Žiemgalos rytinė Nr. 47	8	Žiemgalos rytinė	47	2024-seimo
46. Žiemgalos vakarinė	9	Žiemgalos vakarinė	46	2020-seimo
Žiemgalos vakarinė Nr. 46	7	Žiemgalos vakarinė	46	2024-seimo
4. Žirmūnų	15	Žirmūnų	4	2020-seimo
Žirmūnų	72	Žirmūnų		1996-spalio-20-seimo,2000-seimo,2004-seimo,2008-seimo,2012-seimo,2019-rugsejo-8-seimo
Žirmūnų (Nr. 4)	13	Žirmūnų	4	2016-seimo
Žirmūnų (Nr.4)	12	Žirmūnų	4	2015-kovo-1-seimo-zirmunai
Žirmūnų Nr. 4	11	Žirmūnų	4	2024-seimo
