concept	election	pct	status	note
ar-buvote-pripazintas-kaltu	2000-kovo-19-savivaldybiu-tarybu	99.3	ok	
ar-buvote-pripazintas-kaltu	2000-seimo	99.7	ok	
ar-buvote-pripazintas-kaltu	2002-gruodzio-22-savivaldybiu-tarybu	100.0	ok	
ar-buvote-pripazintas-kaltu	2003-birzelio-15-seimo-nauji	100.0	ok	
ar-buvote-pripazintas-kaltu	2004-ep	100.0	ok	
ar-buvote-pripazintas-kaltu	2004-seimo	99.8	ok	
ar-buvote-pripazintas-kaltu	2005-lapkricio-20-seimo-kedainiai	100.0	ok	
ar-buvote-pripazintas-kaltu	2007-spalio-7-seimo-dzukija	100.0	ok	
ar-buvote-pripazintas-kaltu	2007-vasario-25-savivaldybiu	100.0	ok	
ar-buvote-pripazintas-kaltu	2008-seimo	99.9	ok	
ar-buvote-pripazintas-kaltu	2009-ep	100.0	ok	
ar-buvote-pripazintas-kaltu	2009-lapkricio-15-seimo-silale-silute-vilnius-salcininkai	100.0	ok	
ar-buvote-pripazintas-kaltu	2011-vasario-13-seimo-marijampole	100.0	ok	
ar-buvote-pripazintas-kaltu	2011-vasario-27-savivaldybiu	100.0	ok	
ar-buvote-pripazintas-kaltu	2012-seimo	100.0	ok	
ar-buvote-pripazintas-kaltu	2013-kovo-3-seimo-birzai-zarasai-ukmerge	100.0	ok	
ar-buvote-pripazintas-kaltu	2014-ep	100.0	ok	
ar-buvote-pripazintas-kaltu	2015-birzelio-21-pakartotiniai-silutes	100.0	ok	
ar-buvote-pripazintas-kaltu	2015-birzelio-7-pakartotiniai-sirvintos-trakai	99.7	ok	
ar-buvote-pripazintas-kaltu	2015-birzelio-7-seimo-varena-eisiskes	100.0	ok	
ar-buvote-pripazintas-kaltu	2015-kovo-1-savivaldybiu	100.0	ok	
ar-buvote-pripazintas-kaltu	2015-kovo-1-seimo-zirmunai	100.0	ok	
ar-buvote-pripazintas-kaltu	2015-lapkricio-8-telsiu-mero	100.0	ok	
ar-buvote-pripazintas-kaltu	2016-seimo	100.0	ok	
ar-buvote-pripazintas-kaltu	2017-balandzio-23-meru	100.0	ok	
ar-buvote-pripazintas-kaltu	2017-balandzio-23-seimo-anyksciai-panevezys	100.0	ok	
ar-buvote-pripazintas-kaltu	2017-rugsejo-10-marijampoles-mero	100.0	ok	
ar-buvote-pripazintas-kaltu	2018-rugsejo-16-seimo-zanavykai	100.0	ok	
ar-buvote-pripazintas-kaltu	2019-ep	100.0	ok	
ar-buvote-pripazintas-kaltu	2019-kovo-3-savivaldybiu-tarybu	100.0	ok	
ar-buvote-pripazintas-kaltu	2019-rugsejo-8-seimo	100.0	ok	
ar-buvote-pripazintas-kaltu	2020-seimo	100.0	ok	
ar-buvote-pripazintas-kaltu	2021-balandzio-11-radviliskio-mero	100.0	ok	
ar-buvote-pripazintas-kaltu	2021-spalio-10-meru	100.0	ok	
ar-buvote-pripazintas-kaltu	2023-geguzes-7-visagino-mero	100.0	ok	
ar-buvote-pripazintas-kaltu	2023-kovo-5-savivaldybiu-tarybu-ir-meru	100.0	ok	
ar-buvote-pripazintas-kaltu	2023-rugsejo-3-seimo-raseiniai-kedainiai	100.0	ok	
ar-buvote-pripazintas-kaltu	2023-spalio-8-kupiskio-mero	100.0	ok	
ar-buvote-pripazintas-kaltu	2024-ep	99.7	ok	
ar-buvote-pripazintas-kaltu	2024-prezidento	100.0	ok	
ar-buvote-pripazintas-kaltu	2024-seimo	99.9	ok	
ar-buvote-pripazintas-kaltu	2025-kovo-16-meru	100.0	ok	
darbo-patirtis	2020-seimo	99.9	ok	
darbo-patirtis	2021-balandzio-11-radviliskio-mero	100.0	ok	
darbo-patirtis	2021-spalio-10-meru	100.0	ok	
darbo-patirtis	2023-geguzes-7-visagino-mero	100.0	ok	
darbo-patirtis	2023-kovo-5-savivaldybiu-tarybu-ir-meru	100.0	ok	
darbo-patirtis	2023-rugsejo-3-seimo-raseiniai-kedainiai	100.0	ok	
darbo-patirtis	2023-spalio-8-kupiskio-mero	100.0	ok	
darbo-patirtis	2024-ep	100.0	ok	
darbo-patirtis	2024-prezidento	100.0	ok	
darbo-patirtis	2024-seimo	100.0	ok	
darbo-patirtis	2025-kovo-16-meru	100.0	ok	
deklaracijos-apimtis	2002-gruodzio-22-savivaldybiu-tarybu	100.0	ok	
deklaracijos-apimtis	2003-birzelio-15-seimo-nauji	100.0	ok	
deklaracijos-apimtis	2004-ep	100.0	ok	
deklaracijos-apimtis	2004-prezidento	100.0	ok	
deklaracijos-apimtis	2004-seimo	99.8	ok	
deklaracijos-apimtis	2005-lapkricio-20-seimo-kedainiai	100.0	ok	
deklaracijos-apimtis	2007-spalio-7-seimo-dzukija	100.0	ok	
deklaracijos-apimtis	2007-vasario-25-savivaldybiu	99.4	ok	
deklaracijos-apimtis	2008-seimo	100.0	ok	
deklaracijos-apimtis	2009-ep	100.0	ok	
deklaracijos-apimtis	2009-lapkricio-15-seimo-silale-silute-vilnius-salcininkai	100.0	ok	
deklaracijos-apimtis	2009-prezidento	100.0	ok	
deklaracijos-apimtis	2011-vasario-13-seimo-marijampole	100.0	ok	
deklaracijos-apimtis	2011-vasario-27-savivaldybiu	100.0	ok	
deklaracijos-apimtis	2012-seimo	100.0	ok	
deklaracijos-apimtis	2013-kovo-3-seimo-birzai-zarasai-ukmerge	100.0	ok	
deklaracijos-apimtis	2014-ep	100.0	ok	
deklaracijos-apimtis	2014-prezidento	100.0	ok	
deklaracijos-apimtis	2015-birzelio-21-pakartotiniai-silutes	100.0	ok	
deklaracijos-apimtis	2015-birzelio-7-pakartotiniai-sirvintos-trakai	99.7	ok	
deklaracijos-apimtis	2015-birzelio-7-seimo-varena-eisiskes	100.0	ok	
deklaracijos-apimtis	2015-kovo-1-savivaldybiu	100.0	ok	
deklaracijos-apimtis	2015-kovo-1-seimo-zirmunai	100.0	ok	
deklaracijos-apimtis	2015-lapkricio-8-telsiu-mero	100.0	ok	
deklaracijos-apimtis	2016-seimo	100.0	ok	
deklaracijos-apimtis	2017-balandzio-23-meru	100.0	ok	
deklaracijos-apimtis	2017-balandzio-23-seimo-anyksciai-panevezys	100.0	ok	
deklaracijos-apimtis	2017-rugsejo-10-marijampoles-mero	100.0	ok	
deklaracijos-apimtis	2018-rugsejo-16-seimo-zanavykai	100.0	ok	
deklaracijos-apimtis	2019-ep	100.0	ok	
deklaracijos-apimtis	2019-kovo-3-savivaldybiu-tarybu	100.0	ok	
deklaracijos-apimtis	2019-prezidento	100.0	ok	
deklaracijos-apimtis	2019-rugsejo-8-seimo	100.0	ok	
deklaracijos-apimtis	2020-seimo	99.9	ok	
deklaracijos-apimtis	2021-balandzio-11-radviliskio-mero	100.0	ok	
deklaracijos-apimtis	2021-spalio-10-meru	100.0	ok	
deklaracijos-apimtis	2023-geguzes-7-visagino-mero	100.0	ok	
deklaracijos-apimtis	2023-kovo-5-savivaldybiu-tarybu-ir-meru	100.0	ok	
deklaracijos-apimtis	2023-rugsejo-3-seimo-raseiniai-kedainiai	100.0	ok	
deklaracijos-apimtis	2023-spalio-8-kupiskio-mero	100.0	ok	
deklaracijos-apimtis	2024-ep	100.0	ok	
deklaracijos-apimtis	2024-prezidento	100.0	ok	
deklaracijos-apimtis	2024-seimo	100.0	ok	
deklaracijos-apimtis	2025-kovo-16-meru	100.0	ok	
deklaracijos-forma	2004-ep	100.0	ok	
deklaracijos-forma	2004-prezidento	100.0	ok	
deklaracijos-forma	2004-seimo	99.9	ok	
deklaracijos-forma	2005-lapkricio-20-seimo-kedainiai	100.0	ok	
deklaracijos-forma	2007-spalio-7-seimo-dzukija	100.0	ok	
deklaracijos-forma	2007-vasario-25-savivaldybiu	99.6	ok	
deklaracijos-forma	2008-seimo	100.0	ok	
deklaracijos-forma	2009-ep	100.0	ok	
deklaracijos-forma	2009-lapkricio-15-seimo-silale-silute-vilnius-salcininkai	100.0	ok	
deklaracijos-forma	2009-prezidento	100.0	ok	
deklaracijos-forma	2011-vasario-13-seimo-marijampole	100.0	ok	
deklaracijos-forma	2011-vasario-27-savivaldybiu	100.0	ok	
deklaracijos-forma	2012-seimo	100.0	ok	
deklaracijos-forma	2013-kovo-3-seimo-birzai-zarasai-ukmerge	100.0	ok	
deklaracijos-forma	2014-ep	99.5	ok	
deklaracijos-forma	2014-prezidento	100.0	ok	
deklaracijos-forma	2015-birzelio-21-pakartotiniai-silutes	100.0	ok	
deklaracijos-forma	2015-birzelio-7-pakartotiniai-sirvintos-trakai	99.7	ok	
deklaracijos-forma	2015-birzelio-7-seimo-varena-eisiskes	100.0	ok	
deklaracijos-forma	2015-kovo-1-savivaldybiu	100.0	ok	
deklaracijos-forma	2015-kovo-1-seimo-zirmunai	100.0	ok	
deklaracijos-forma	2015-lapkricio-8-telsiu-mero	100.0	ok	
deklaracijos-forma	2016-seimo	100.0	ok	
deklaracijos-forma	2017-balandzio-23-meru	100.0	ok	
deklaracijos-forma	2017-balandzio-23-seimo-anyksciai-panevezys	100.0	ok	
deklaracijos-forma	2017-rugsejo-10-marijampoles-mero	100.0	ok	
deklaracijos-forma	2018-rugsejo-16-seimo-zanavykai	100.0	ok	
deklaracijos-forma	2019-ep	100.0	ok	
deklaracijos-forma	2019-kovo-3-savivaldybiu-tarybu	100.0	ok	
deklaracijos-forma	2019-prezidento	100.0	ok	
deklaracijos-forma	2019-rugsejo-8-seimo	100.0	ok	
deklaracijos-forma	2020-seimo	99.9	ok	
deklaracijos-forma	2021-balandzio-11-radviliskio-mero	100.0	ok	
deklaracijos-forma	2021-spalio-10-meru	100.0	ok	
deklaracijos-forma	2023-geguzes-7-visagino-mero	100.0	ok	
deklaracijos-forma	2023-kovo-5-savivaldybiu-tarybu-ir-meru	100.0	ok	
deklaracijos-forma	2023-rugsejo-3-seimo-raseiniai-kedainiai	100.0	ok	
deklaracijos-forma	2023-spalio-8-kupiskio-mero	100.0	ok	
deklaracijos-forma	2024-ep	100.0	ok	
deklaracijos-forma	2024-prezidento	100.0	ok	
deklaracijos-forma	2024-seimo	100.0	ok	
deklaracijos-forma	2025-kovo-16-meru	100.0	ok	
deklaracijos-metai	2008-seimo	100.0	ok	
deklaracijos-metai	2012-seimo	100.0	ok	
deklaracijos-metai	2013-kovo-3-seimo-birzai-zarasai-ukmerge	100.0	ok	
deklaracijos-metai	2015-birzelio-7-seimo-varena-eisiskes	100.0	ok	
deklaracijos-metai	2015-kovo-1-seimo-zirmunai	100.0	ok	
deklaracijos-metai	2017-balandzio-23-meru	100.0	ok	
deklaracijos-metai	2017-rugsejo-10-marijampoles-mero	100.0	ok	
deklaracijos-metai	2019-ep	100.0	ok	
deklaracijos-metai	2019-kovo-3-savivaldybiu-tarybu	100.0	ok	
deklaracijos-metai	2019-prezidento	100.0	ok	
deklaracijos-metai	2021-balandzio-11-radviliskio-mero	100.0	ok	
deklaracijos-metai	2021-spalio-10-meru	100.0	ok	
deklaracijos-metai	2023-geguzes-7-visagino-mero	100.0	ok	
deklaracijos-metai	2023-kovo-5-savivaldybiu-tarybu-ir-meru	100.0	ok	
deklaracijos-metai	2023-rugsejo-3-seimo-raseiniai-kedainiai	100.0	ok	
deklaracijos-metai	2023-spalio-8-kupiskio-mero	100.0	ok	
deklaracijos-metai	2024-ep	100.0	ok	
deklaracijos-metai	2024-prezidento	100.0	ok	
deklaracijos-metai	2024-seimo	100.0	ok	
deklaracijos-metai	2025-kovo-16-meru	100.0	ok	
deklaraciju-laikotarpis	2007-spalio-7-seimo-dzukija	0.0	upstream-absent	No retained page of this election prints the „Pastaba.“ declaration paragraph the concept reads (11 candidates checked, 0 carry the word), against every candidate of 2008-seimo (1,595) and 2012-seimo (1,918).
deklaraciju-laikotarpis	2008-seimo	100.0	ok	
deklaraciju-laikotarpis	2009-lapkricio-15-seimo-silale-silute-vilnius-salcininkai	100.0	ok	
deklaraciju-laikotarpis	2011-vasario-13-seimo-marijampole	100.0	ok	
deklaraciju-laikotarpis	2011-vasario-27-savivaldybiu	0.0	upstream-absent	No retained page of this election prints the „Pastaba.“ declaration paragraph the concept reads (16,400 candidates checked, 0 carry the word), against every candidate of 2008-seimo (1,595) and 2012-seimo (1,918).
deklaraciju-laikotarpis	2012-seimo	100.0	ok	
deklaraciju-laikotarpis	2013-kovo-3-seimo-birzai-zarasai-ukmerge	100.0	ok	
deklaraciju-laikotarpis	2015-birzelio-21-pakartotiniai-silutes	0.0	upstream-absent	No retained page of this election prints the „Pastaba.“ declaration paragraph the concept reads (356 candidates checked, 0 carry the word), against every candidate of 2008-seimo (1,595) and 2012-seimo (1,918).
deklaraciju-laikotarpis	2015-birzelio-7-pakartotiniai-sirvintos-trakai	0.0	upstream-absent	No retained page of this election prints the „Pastaba.“ declaration paragraph the concept reads (317 candidates checked, 0 carry the word), against every candidate of 2008-seimo (1,595) and 2012-seimo (1,918).
deklaraciju-laikotarpis	2015-birzelio-7-seimo-varena-eisiskes	100.0	ok	
deklaraciju-laikotarpis	2015-kovo-1-savivaldybiu	0.0	upstream-absent	No retained page of this election prints the „Pastaba.“ declaration paragraph the concept reads (15,140 candidates checked, 0 carry the word), against every candidate of 2008-seimo (1,595) and 2012-seimo (1,918).
deklaraciju-laikotarpis	2015-kovo-1-seimo-zirmunai	100.0	ok	
deklaraciju-laikotarpis	2015-lapkricio-8-telsiu-mero	0.0	upstream-absent	No retained page of this election prints the „Pastaba.“ declaration paragraph the concept reads (8 candidates checked, 0 carry the word), against every candidate of 2008-seimo (1,595) and 2012-seimo (1,918).
deklaraciju-valiuta	1996-spalio-20-seimo	100.0	ok	
deklaraciju-valiuta	1997-birzelio-29-svenciniu-tarybos-pakartotiniai	98.2	ok	
deklaraciju-valiuta	1997-gruodzio-21-seimo-pakartotiniai	100.0	ok	
deklaraciju-valiuta	1997-kovo-23-savivaldybiu-tarybu	87.3	ok	
deklaraciju-valiuta	1997-kovo-23-seimo-pakartotiniai	4.3	ok	
deklaraciju-valiuta	1998-kovo-22-seimo-pakartotiniai	18.2	ok	
deklaraciju-valiuta	1998-lapkricio-15-seimo-pakartotiniai	100.0	ok	
deklaraciju-valiuta	1999-kovo-21-seimo-pakartotiniai	100.0	ok	
deklaraciju-valiuta	2000-kovo-19-savivaldybiu-tarybu	100.0	ok	
deklaraciju-valiuta	2000-seimo	100.0	ok	
deklaraciju-valiuta	2002-gruodzio-22-savivaldybiu-tarybu	100.0	ok	
deklaraciju-valiuta	2003-birzelio-15-seimo-nauji	100.0	ok	
deklaraciju-valiuta	2004-ep	100.0	ok	
deklaraciju-valiuta	2004-prezidento	100.0	ok	
deklaraciju-valiuta	2004-seimo	99.9	ok	
deklaraciju-valiuta	2005-lapkricio-20-seimo-kedainiai	100.0	ok	
deklaraciju-valiuta	2007-spalio-7-seimo-dzukija	100.0	ok	
deklaraciju-valiuta	2007-vasario-25-savivaldybiu	100.0	ok	
deklaraciju-valiuta	2008-seimo	100.0	ok	
deklaraciju-valiuta	2009-ep	100.0	ok	
deklaraciju-valiuta	2009-lapkricio-15-seimo-silale-silute-vilnius-salcininkai	100.0	ok	
deklaraciju-valiuta	2009-prezidento	100.0	ok	
deklaraciju-valiuta	2011-vasario-13-seimo-marijampole	100.0	ok	
deklaraciju-valiuta	2011-vasario-27-savivaldybiu	100.0	ok	
deklaraciju-valiuta	2012-seimo	100.0	ok	
deklaraciju-valiuta	2013-kovo-3-seimo-birzai-zarasai-ukmerge	100.0	ok	
deklaraciju-valiuta	2014-ep	100.0	ok	
deklaraciju-valiuta	2014-prezidento	100.0	ok	
deklaraciju-valiuta	2015-birzelio-21-pakartotiniai-silutes	100.0	ok	
deklaraciju-valiuta	2015-birzelio-7-pakartotiniai-sirvintos-trakai	100.0	ok	
deklaraciju-valiuta	2015-birzelio-7-seimo-varena-eisiskes	100.0	ok	
deklaraciju-valiuta	2015-kovo-1-savivaldybiu	100.0	ok	
deklaraciju-valiuta	2015-kovo-1-seimo-zirmunai	100.0	ok	
deklaraciju-valiuta	2015-lapkricio-8-telsiu-mero	100.0	ok	
einamos-pareigos	2020-seimo	97.3	ok	
einamos-pareigos	2021-balandzio-11-radviliskio-mero	100.0	ok	
einamos-pareigos	2021-spalio-10-meru	92.9	ok	
einamos-pareigos	2023-geguzes-7-visagino-mero	100.0	ok	
einamos-pareigos	2023-kovo-5-savivaldybiu-tarybu-ir-meru	97.7	ok	
einamos-pareigos	2023-rugsejo-3-seimo-raseiniai-kedainiai	100.0	ok	
einamos-pareigos	2023-spalio-8-kupiskio-mero	100.0	ok	
einamos-pareigos	2024-ep	99.7	ok	
einamos-pareigos	2024-prezidento	100.0	ok	
einamos-pareigos	2024-seimo	100.0	ok	
einamos-pareigos	2025-kovo-16-meru	100.0	ok	
gautos-pajamos	1996-spalio-20-seimo	98.7	ok	
gautos-pajamos	1997-birzelio-29-svenciniu-tarybos-pakartotiniai	97.3	ok	
gautos-pajamos	1997-gruodzio-21-seimo-pakartotiniai	100.0	ok	
gautos-pajamos	1997-kovo-23-savivaldybiu-tarybu	16.2	ok	
gautos-pajamos	1997-kovo-23-seimo-pakartotiniai	4.3	ok	
gautos-pajamos	1998-kovo-22-seimo-pakartotiniai	18.2	ok	
gautos-pajamos	1998-lapkricio-15-seimo-pakartotiniai	100.0	ok	
gautos-pajamos	1999-kovo-21-seimo-pakartotiniai	100.0	ok	
gautos-pajamos	2000-kovo-19-savivaldybiu-tarybu	98.5	ok	
gautos-pajamos	2000-seimo	99.4	ok	
gautos-pajamos	2002-gruodzio-22-savivaldybiu-tarybu	99.8	ok	
gautos-pajamos	2003-birzelio-15-seimo-nauji	92.6	ok	
gautos-pajamos	2004-ep	97.9	ok	
gautos-pajamos	2004-prezidento	100.0	ok	
gautos-pajamos	2004-seimo	97.8	ok	
gautos-pajamos	2005-lapkricio-20-seimo-kedainiai	100.0	ok	
gautos-pajamos	2007-spalio-7-seimo-dzukija	100.0	ok	
gautos-pajamos	2007-vasario-25-savivaldybiu	99.6	ok	
gautos-pajamos	2008-seimo	100.0	ok	
gautos-pajamos	2009-ep	100.0	ok	
gautos-pajamos	2009-lapkricio-15-seimo-silale-silute-vilnius-salcininkai	100.0	ok	
gautos-pajamos	2009-prezidento	100.0	ok	
gautos-pajamos	2011-vasario-13-seimo-marijampole	100.0	ok	
gautos-pajamos	2011-vasario-27-savivaldybiu	100.0	ok	
gautos-pajamos	2012-seimo	100.0	ok	
gautos-pajamos	2013-kovo-3-seimo-birzai-zarasai-ukmerge	100.0	ok	
gautos-pajamos	2014-ep	99.5	ok	
gautos-pajamos	2014-prezidento	100.0	ok	
gautos-pajamos	2015-birzelio-21-pakartotiniai-silutes	100.0	ok	
gautos-pajamos	2015-birzelio-7-pakartotiniai-sirvintos-trakai	99.7	ok	
gautos-pajamos	2015-birzelio-7-seimo-varena-eisiskes	100.0	ok	
gautos-pajamos	2015-kovo-1-savivaldybiu	100.0	ok	
gautos-pajamos	2015-kovo-1-seimo-zirmunai	100.0	ok	
gautos-pajamos	2015-lapkricio-8-telsiu-mero	100.0	ok	
gautos-pajamos	2016-seimo	99.8	ok	
gautos-pajamos	2017-balandzio-23-meru	100.0	ok	
gautos-pajamos	2017-balandzio-23-seimo-anyksciai-panevezys	100.0	ok	
gautos-pajamos	2017-rugsejo-10-marijampoles-mero	100.0	ok	
gautos-pajamos	2018-rugsejo-16-seimo-zanavykai	100.0	ok	
gautos-pajamos	2019-ep	100.0	ok	
gautos-pajamos	2019-kovo-3-savivaldybiu-tarybu	100.0	ok	
gautos-pajamos	2019-prezidento	100.0	ok	
gautos-pajamos	2019-rugsejo-8-seimo	100.0	ok	
gautos-pajamos	2020-seimo	99.9	ok	
gautos-pajamos	2021-balandzio-11-radviliskio-mero	100.0	ok	
gautos-pajamos	2021-spalio-10-meru	100.0	ok	
gautos-pajamos	2023-geguzes-7-visagino-mero	100.0	ok	
gautos-pajamos	2023-kovo-5-savivaldybiu-tarybu-ir-meru	100.0	ok	
gautos-pajamos	2023-rugsejo-3-seimo-raseiniai-kedainiai	100.0	ok	
gautos-pajamos	2023-spalio-8-kupiskio-mero	100.0	ok	
gautos-pajamos	2024-ep	100.0	ok	
gautos-pajamos	2024-prezidento	100.0	ok	
gautos-pajamos	2024-seimo	100.0	ok	
gautos-pajamos	2025-kovo-16-meru	100.0	ok	
gautos-pajamos-darbo-santykiu	1996-spalio-20-seimo	99.8	ok	
gautos-pajamos-darbo-santykiu	1997-birzelio-29-svenciniu-tarybos-pakartotiniai	98.2	ok	
gautos-pajamos-darbo-santykiu	1997-gruodzio-21-seimo-pakartotiniai	100.0	ok	
gautos-pajamos-darbo-santykiu	1997-kovo-23-savivaldybiu-tarybu	87.3	ok	
gautos-pajamos-darbo-santykiu	1997-kovo-23-seimo-pakartotiniai	4.3	ok	
gautos-pajamos-darbo-santykiu	1998-kovo-22-seimo-pakartotiniai	18.2	ok	
gautos-pajamos-darbo-santykiu	1998-lapkricio-15-seimo-pakartotiniai	100.0	ok	
gautos-pajamos-darbo-santykiu	1999-kovo-21-seimo-pakartotiniai	100.0	ok	
gautos-pajamos-darbo-santykiu	2000-kovo-19-savivaldybiu-tarybu	100.0	ok	
gautos-pajamos-darbo-santykiu	2000-seimo	100.0	ok	
gautos-paskolos	2002-gruodzio-22-savivaldybiu-tarybu	93.0	ok	
gautos-paskolos	2003-birzelio-15-seimo-nauji	0.0	empty-is-the-answer	The row is printed on every page and holds „-“ on all 27: no candidate of this by-election declared an outstanding loan. 2004-seimo, the same site a year later, fills it on 41.5%.
gautos-paskolos	2004-ep	18.3	ok	
gautos-paskolos	2004-prezidento	80.0	ok	
gautos-paskolos	2004-seimo	41.5	ok	
gautos-paskolos	2005-lapkricio-20-seimo-kedainiai	40.0	ok	
gautos-paskolos	2007-spalio-7-seimo-dzukija	100.0	ok	
gautos-paskolos	2007-vasario-25-savivaldybiu	99.4	ok	
gautos-paskolos	2008-seimo	100.0	ok	
gautos-paskolos	2009-ep	100.0	ok	
gautos-paskolos	2009-lapkricio-15-seimo-silale-silute-vilnius-salcininkai	100.0	ok	
gautos-paskolos	2009-prezidento	100.0	ok	
gautos-paskolos	2011-vasario-13-seimo-marijampole	100.0	ok	
gautos-paskolos	2011-vasario-27-savivaldybiu	100.0	ok	
gautos-paskolos	2012-seimo	100.0	ok	
gautos-paskolos	2013-kovo-3-seimo-birzai-zarasai-ukmerge	100.0	ok	
gautos-paskolos	2014-ep	100.0	ok	
gautos-paskolos	2014-prezidento	100.0	ok	
gautos-paskolos	2015-birzelio-21-pakartotiniai-silutes	100.0	ok	
gautos-paskolos	2015-birzelio-7-pakartotiniai-sirvintos-trakai	99.7	ok	
gautos-paskolos	2015-birzelio-7-seimo-varena-eisiskes	100.0	ok	
gautos-paskolos	2015-kovo-1-savivaldybiu	100.0	ok	
gautos-paskolos	2015-kovo-1-seimo-zirmunai	100.0	ok	
gautos-paskolos	2015-lapkricio-8-telsiu-mero	100.0	ok	
gautos-paskolos	2016-seimo	99.8	ok	
gautos-paskolos	2017-balandzio-23-meru	100.0	ok	
gautos-paskolos	2017-balandzio-23-seimo-anyksciai-panevezys	100.0	ok	
gautos-paskolos	2017-rugsejo-10-marijampoles-mero	100.0	ok	
gautos-paskolos	2018-rugsejo-16-seimo-zanavykai	100.0	ok	
gautos-paskolos	2019-ep	100.0	ok	
gautos-paskolos	2019-kovo-3-savivaldybiu-tarybu	100.0	ok	
gautos-paskolos	2019-prezidento	100.0	ok	
gautos-paskolos	2019-rugsejo-8-seimo	100.0	ok	
gautos-paskolos	2020-seimo	99.9	ok	
gautos-paskolos	2021-balandzio-11-radviliskio-mero	100.0	ok	
gautos-paskolos	2021-spalio-10-meru	100.0	ok	
gautos-paskolos	2023-geguzes-7-visagino-mero	100.0	ok	
gautos-paskolos	2023-kovo-5-savivaldybiu-tarybu-ir-meru	100.0	ok	
gautos-paskolos	2023-rugsejo-3-seimo-raseiniai-kedainiai	100.0	ok	
gautos-paskolos	2023-spalio-8-kupiskio-mero	100.0	ok	
gautos-paskolos	2024-ep	100.0	ok	
gautos-paskolos	2024-prezidento	100.0	ok	
gautos-paskolos	2024-seimo	100.0	ok	
gautos-paskolos	2025-kovo-16-meru	100.0	ok	
gimimo-data	1996-spalio-20-seimo	76.2	ok	
gimimo-data	1997-birzelio-29-svenciniu-tarybos-pakartotiniai	100.0	ok	
gimimo-data	1997-gruodzio-21-seimo-pakartotiniai	100.0	ok	
gimimo-data	1997-kovo-23-savivaldybiu-tarybu	100.0	ok	
gimimo-data	1997-kovo-23-seimo-pakartotiniai	78.3	ok	
gimimo-data	1998-kovo-22-seimo-pakartotiniai	81.8	ok	
gimimo-data	1998-lapkricio-15-seimo-pakartotiniai	54.5	ok	
gimimo-data	1999-kovo-21-seimo-pakartotiniai	68.2	ok	
gimimo-data	2000-kovo-19-savivaldybiu-tarybu	100.0	ok	
gimimo-data	2000-seimo	100.0	ok	
gimimo-data	2002-gruodzio-22-savivaldybiu-tarybu	100.0	ok	
gimimo-data	2002-prezidento	94.1	ok	
gimimo-data	2003-birzelio-15-seimo-nauji	100.0	ok	
gimimo-data	2004-ep	100.0	ok	
gimimo-data	2004-prezidento	100.0	ok	
gimimo-data	2004-seimo	100.0	ok	
gimimo-data	2005-lapkricio-20-seimo-kedainiai	100.0	ok	
gimimo-data	2007-spalio-7-seimo-dzukija	100.0	ok	
gimimo-data	2007-vasario-25-savivaldybiu	100.0	ok	
gimimo-data	2008-seimo	99.9	ok	
gimimo-data	2009-ep	100.0	ok	
gimimo-data	2009-lapkricio-15-seimo-silale-silute-vilnius-salcininkai	100.0	ok	
gimimo-data	2009-prezidento	100.0	ok	
gimimo-data	2011-vasario-13-seimo-marijampole	100.0	ok	
gimimo-data	2011-vasario-27-savivaldybiu	100.0	ok	
gimimo-data	2012-seimo	100.0	ok	
gimimo-data	2013-kovo-3-seimo-birzai-zarasai-ukmerge	100.0	ok	
gimimo-data	2014-ep	100.0	ok	
gimimo-data	2014-prezidento	100.0	ok	
gimimo-data	2015-birzelio-21-pakartotiniai-silutes	100.0	ok	
gimimo-data	2015-birzelio-7-pakartotiniai-sirvintos-trakai	99.7	ok	
gimimo-data	2015-birzelio-7-seimo-varena-eisiskes	100.0	ok	
gimimo-data	2015-kovo-1-savivaldybiu	100.0	ok	
gimimo-data	2015-kovo-1-seimo-zirmunai	100.0	ok	
gimimo-data	2015-lapkricio-8-telsiu-mero	100.0	ok	
gimimo-data	2016-seimo	100.0	ok	
gimimo-data	2017-balandzio-23-meru	100.0	ok	
gimimo-data	2017-balandzio-23-seimo-anyksciai-panevezys	100.0	ok	
gimimo-data	2017-rugsejo-10-marijampoles-mero	100.0	ok	
gimimo-data	2018-rugsejo-16-seimo-zanavykai	100.0	ok	
gimimo-data	2019-ep	100.0	ok	
gimimo-data	2019-kovo-3-savivaldybiu-tarybu	100.0	ok	
gimimo-data	2019-prezidento	100.0	ok	
gimimo-data	2019-rugsejo-8-seimo	100.0	ok	
gimimo-data	2020-seimo	99.9	ok	
gimimo-data	2021-balandzio-11-radviliskio-mero	100.0	ok	
gimimo-data	2021-spalio-10-meru	100.0	ok	
gimimo-data	2023-geguzes-7-visagino-mero	100.0	ok	
gimimo-data	2023-kovo-5-savivaldybiu-tarybu-ir-meru	100.0	ok	
gimimo-data	2023-rugsejo-3-seimo-raseiniai-kedainiai	100.0	ok	
gimimo-data	2023-spalio-8-kupiskio-mero	100.0	ok	
gimimo-data	2024-ep	100.0	ok	
gimimo-data	2024-prezidento	100.0	ok	
gimimo-data	2024-seimo	100.0	ok	
gimimo-data	2025-kovo-16-meru	100.0	ok	
gimimo-vieta	1996-spalio-20-seimo	95.2	ok	
gimimo-vieta	1997-birzelio-29-svenciniu-tarybos-pakartotiniai	76.4	ok	
gimimo-vieta	1997-gruodzio-21-seimo-pakartotiniai	75.0	ok	
gimimo-vieta	1997-kovo-23-savivaldybiu-tarybu	9.3	ok	
gimimo-vieta	1997-kovo-23-seimo-pakartotiniai	91.3	ok	
gimimo-vieta	1998-kovo-22-seimo-pakartotiniai	81.8	ok	
gimimo-vieta	1998-lapkricio-15-seimo-pakartotiniai	45.5	ok	
gimimo-vieta	1999-kovo-21-seimo-pakartotiniai	72.7	ok	
gimimo-vieta	2000-kovo-19-savivaldybiu-tarybu	0.0	upstream-absent	The 2000 municipal card prints Gimimo data and Gyvenamoji vieta and no birthplace: 0 of its 9,881 retained pages carry „Gimimo vieta“, against 138 of the 1,271 2000-seimo cards. The concept map maps it anyway; that is the error this row records.
gimimo-vieta	2000-seimo	10.9	ok	
gimimo-vieta	2002-gruodzio-22-savivaldybiu-tarybu	91.7	ok	
gimimo-vieta	2002-prezidento	58.8	ok	
gimimo-vieta	2003-birzelio-15-seimo-nauji	100.0	ok	
gimimo-vieta	2004-ep	99.2	ok	
gimimo-vieta	2004-seimo	99.2	ok	
gimimo-vieta	2005-lapkricio-20-seimo-kedainiai	100.0	ok	
gimimo-vieta	2007-spalio-7-seimo-dzukija	100.0	ok	
gimimo-vieta	2007-vasario-25-savivaldybiu	88.3	ok	
gimimo-vieta	2008-seimo	97.8	ok	
gimimo-vieta	2009-ep	98.9	ok	
gimimo-vieta	2009-lapkricio-15-seimo-silale-silute-vilnius-salcininkai	94.1	ok	
gimimo-vieta	2009-prezidento	85.7	ok	
gimimo-vieta	2011-vasario-13-seimo-marijampole	100.0	ok	
gimimo-vieta	2011-vasario-27-savivaldybiu	90.7	ok	
gimimo-vieta	2012-seimo	96.4	ok	
gimimo-vieta	2013-kovo-3-seimo-birzai-zarasai-ukmerge	89.2	ok	
gimimo-vieta	2014-ep	99.5	ok	
gimimo-vieta	2014-prezidento	100.0	ok	
gimimo-vieta	2015-birzelio-21-pakartotiniai-silutes	82.0	ok	
gimimo-vieta	2015-birzelio-7-pakartotiniai-sirvintos-trakai	82.6	ok	
gimimo-vieta	2015-birzelio-7-seimo-varena-eisiskes	100.0	ok	
gimimo-vieta	2015-kovo-1-savivaldybiu	88.3	ok	
gimimo-vieta	2015-kovo-1-seimo-zirmunai	100.0	ok	
gimimo-vieta	2015-lapkricio-8-telsiu-mero	85.7	ok	
gimimo-vieta	2016-seimo	91.1	ok	
gimimo-vieta	2017-balandzio-23-meru	100.0	ok	
gimimo-vieta	2017-balandzio-23-seimo-anyksciai-panevezys	100.0	ok	
gimimo-vieta	2017-rugsejo-10-marijampoles-mero	87.5	ok	
gimimo-vieta	2018-rugsejo-16-seimo-zanavykai	100.0	ok	
gimimo-vieta	2019-ep	86.4	ok	
gimimo-vieta	2019-kovo-3-savivaldybiu-tarybu	77.5	ok	
gimimo-vieta	2019-prezidento	100.0	ok	
gimimo-vieta	2019-rugsejo-8-seimo	100.0	ok	
gimimo-vieta	2020-seimo	97.2	ok	
gimimo-vieta	2021-balandzio-11-radviliskio-mero	100.0	ok	
gimimo-vieta	2021-spalio-10-meru	85.7	ok	
gimimo-vieta	2023-geguzes-7-visagino-mero	50.0	ok	
gimimo-vieta	2023-kovo-5-savivaldybiu-tarybu-ir-meru	95.9	ok	
gimimo-vieta	2023-rugsejo-3-seimo-raseiniai-kedainiai	100.0	ok	
gimimo-vieta	2023-spalio-8-kupiskio-mero	100.0	ok	
gimimo-vieta	2024-ep	100.0	ok	
gimimo-vieta	2024-prezidento	100.0	ok	
gimimo-vieta	2024-seimo	100.0	ok	
gimimo-vieta	2025-kovo-16-meru	100.0	ok	
individualios-veiklos-atskaitymai	2018-rugsejo-16-seimo-zanavykai	100.0	ok	
individualios-veiklos-atskaitymai	2019-ep	100.0	ok	
individualios-veiklos-atskaitymai	2019-kovo-3-savivaldybiu-tarybu	100.0	ok	
individualios-veiklos-atskaitymai	2019-prezidento	100.0	ok	
individualios-veiklos-atskaitymai	2019-rugsejo-8-seimo	100.0	ok	
individualios-veiklos-atskaitymai	2020-seimo	99.9	ok	
individualios-veiklos-atskaitymai	2021-balandzio-11-radviliskio-mero	100.0	ok	
individualios-veiklos-atskaitymai	2021-spalio-10-meru	100.0	ok	
individualios-veiklos-atskaitymai	2023-geguzes-7-visagino-mero	100.0	ok	
individualios-veiklos-atskaitymai	2023-kovo-5-savivaldybiu-tarybu-ir-meru	100.0	ok	
individualios-veiklos-atskaitymai	2023-rugsejo-3-seimo-raseiniai-kedainiai	100.0	ok	
individualios-veiklos-atskaitymai	2023-spalio-8-kupiskio-mero	100.0	ok	
individualios-veiklos-atskaitymai	2024-ep	100.0	ok	
individualios-veiklos-atskaitymai	2024-prezidento	100.0	ok	
individualios-veiklos-atskaitymai	2024-seimo	100.0	ok	
individualios-veiklos-atskaitymai	2025-kovo-16-meru	100.0	ok	
individualios-veiklos-pajamos	2018-rugsejo-16-seimo-zanavykai	100.0	ok	
individualios-veiklos-pajamos	2019-ep	100.0	ok	
individualios-veiklos-pajamos	2019-kovo-3-savivaldybiu-tarybu	100.0	ok	
individualios-veiklos-pajamos	2019-prezidento	100.0	ok	
individualios-veiklos-pajamos	2019-rugsejo-8-seimo	100.0	ok	
individualios-veiklos-pajamos	2020-seimo	99.9	ok	
individualios-veiklos-pajamos	2021-balandzio-11-radviliskio-mero	100.0	ok	
individualios-veiklos-pajamos	2021-spalio-10-meru	100.0	ok	
individualios-veiklos-pajamos	2023-geguzes-7-visagino-mero	100.0	ok	
individualios-veiklos-pajamos	2023-kovo-5-savivaldybiu-tarybu-ir-meru	100.0	ok	
individualios-veiklos-pajamos	2023-rugsejo-3-seimo-raseiniai-kedainiai	100.0	ok	
individualios-veiklos-pajamos	2023-spalio-8-kupiskio-mero	100.0	ok	
individualios-veiklos-pajamos	2024-ep	100.0	ok	
individualios-veiklos-pajamos	2024-prezidento	100.0	ok	
individualios-veiklos-pajamos	2024-seimo	100.0	ok	
individualios-veiklos-pajamos	2025-kovo-16-meru	100.0	ok	
iskele	1996-spalio-20-seimo	100.0	ok	
iskele	1997-birzelio-29-svenciniu-tarybos-pakartotiniai	100.0	ok	
iskele	1997-gruodzio-21-seimo-pakartotiniai	100.0	ok	
iskele	1997-kovo-23-savivaldybiu-tarybu	100.0	ok	
iskele	1997-kovo-23-seimo-pakartotiniai	100.0	ok	
iskele	1998-kovo-22-seimo-pakartotiniai	100.0	ok	
iskele	1998-lapkricio-15-seimo-pakartotiniai	100.0	ok	
iskele	1999-kovo-21-seimo-pakartotiniai	100.0	ok	
iskele	2000-kovo-19-savivaldybiu-tarybu	100.0	ok	
iskele	2000-seimo	100.0	ok	
iskele	2002-gruodzio-22-savivaldybiu-tarybu	100.0	ok	
iskele	2003-birzelio-15-seimo-nauji	100.0	ok	
iskele	2004-ep	100.0	ok	
iskele	2004-seimo	100.0	ok	
iskele	2005-lapkricio-20-seimo-kedainiai	100.0	ok	
iskele	2007-spalio-7-seimo-dzukija	100.0	ok	
iskele	2007-vasario-25-savivaldybiu	100.0	ok	
iskele	2008-seimo	100.0	ok	
iskele	2009-ep	100.0	ok	
iskele	2009-lapkricio-15-seimo-silale-silute-vilnius-salcininkai	100.0	ok	
iskele	2011-vasario-13-seimo-marijampole	100.0	ok	
iskele	2011-vasario-27-savivaldybiu	100.0	ok	
iskele	2012-seimo	100.0	ok	
iskele	2013-kovo-3-seimo-birzai-zarasai-ukmerge	100.0	ok	
iskele	2014-ep	100.0	ok	
iskele	2015-birzelio-21-pakartotiniai-silutes	100.0	ok	
iskele	2015-birzelio-7-pakartotiniai-sirvintos-trakai	100.0	ok	
iskele	2015-birzelio-7-seimo-varena-eisiskes	100.0	ok	
iskele	2015-kovo-1-savivaldybiu	100.0	ok	
iskele	2015-kovo-1-seimo-zirmunai	100.0	ok	
iskele	2015-lapkricio-8-telsiu-mero	100.0	ok	
iskele	2016-seimo	100.0	ok	
iskele	2017-balandzio-23-meru	100.0	ok	
iskele	2017-balandzio-23-seimo-anyksciai-panevezys	100.0	ok	
iskele	2017-rugsejo-10-marijampoles-mero	100.0	ok	
iskele	2018-rugsejo-16-seimo-zanavykai	100.0	ok	
iskele	2019-ep	100.0	ok	
iskele	2019-kovo-3-savivaldybiu-tarybu	100.0	ok	
iskele	2019-rugsejo-8-seimo	100.0	ok	
iskele	2020-seimo	100.0	ok	
iskele	2021-balandzio-11-radviliskio-mero	100.0	ok	
iskele	2021-spalio-10-meru	100.0	ok	
iskele	2023-geguzes-7-visagino-mero	100.0	ok	
iskele	2023-kovo-5-savivaldybiu-tarybu-ir-meru	100.0	ok	
iskele	2023-rugsejo-3-seimo-raseiniai-kedainiai	100.0	ok	
iskele	2023-spalio-8-kupiskio-mero	100.0	ok	
iskele	2024-ep	100.0	ok	
iskele	2024-prezidento	100.0	ok	
iskele	2024-seimo	100.0	ok	
iskele	2025-kovo-16-meru	100.0	ok	
issilavinimas	1996-spalio-20-seimo	38.3	ok	
issilavinimas	1997-birzelio-29-svenciniu-tarybos-pakartotiniai	84.5	ok	
issilavinimas	1997-gruodzio-21-seimo-pakartotiniai	25.0	ok	
issilavinimas	1997-kovo-23-savivaldybiu-tarybu	81.2	ok	
issilavinimas	1997-kovo-23-seimo-pakartotiniai	82.6	ok	
issilavinimas	1998-kovo-22-seimo-pakartotiniai	72.7	ok	
issilavinimas	1998-lapkricio-15-seimo-pakartotiniai	90.9	ok	
issilavinimas	1999-kovo-21-seimo-pakartotiniai	95.5	ok	
issilavinimas	2000-kovo-19-savivaldybiu-tarybu	86.3	ok	
issilavinimas	2000-seimo	96.5	ok	
issilavinimas	2002-gruodzio-22-savivaldybiu-tarybu	91.8	ok	
issilavinimas	2003-birzelio-15-seimo-nauji	100.0	ok	
issilavinimas	2004-ep	98.8	ok	
issilavinimas	2004-seimo	99.0	ok	
issilavinimas	2005-lapkricio-20-seimo-kedainiai	100.0	ok	
issilavinimas	2007-spalio-7-seimo-dzukija	100.0	ok	
issilavinimas	2007-vasario-25-savivaldybiu	86.3	ok	
issilavinimas	2008-seimo	96.0	ok	
issilavinimas	2009-ep	97.7	ok	
issilavinimas	2009-lapkricio-15-seimo-silale-silute-vilnius-salcininkai	100.0	ok	
issilavinimas	2009-prezidento	100.0	ok	
issilavinimas	2011-vasario-13-seimo-marijampole	77.8	ok	
issilavinimas	2011-vasario-27-savivaldybiu	86.9	ok	
issilavinimas	2012-seimo	93.6	ok	
issilavinimas	2013-kovo-3-seimo-birzai-zarasai-ukmerge	81.1	ok	
issilavinimas	2014-ep	96.3	ok	
issilavinimas	2014-prezidento	100.0	ok	
issilavinimas	2015-birzelio-21-pakartotiniai-silutes	75.7	ok	
issilavinimas	2015-birzelio-7-pakartotiniai-sirvintos-trakai	76.8	ok	
issilavinimas	2015-birzelio-7-seimo-varena-eisiskes	87.5	ok	
issilavinimas	2015-kovo-1-savivaldybiu	85.2	ok	
issilavinimas	2015-kovo-1-seimo-zirmunai	100.0	ok	
issilavinimas	2015-lapkricio-8-telsiu-mero	85.7	ok	
issilavinimas	2016-seimo	77.8	ok	
issilavinimas	2017-balandzio-23-meru	100.0	ok	
issilavinimas	2017-balandzio-23-seimo-anyksciai-panevezys	90.9	ok	
issilavinimas	2017-rugsejo-10-marijampoles-mero	87.5	ok	
issilavinimas	2018-rugsejo-16-seimo-zanavykai	83.3	ok	
issilavinimas	2019-ep	81.1	ok	
issilavinimas	2019-kovo-3-savivaldybiu-tarybu	62.9	ok	
issilavinimas	2019-prezidento	88.9	ok	
issilavinimas	2019-rugsejo-8-seimo	92.6	ok	
issilavinimas	2020-seimo	93.9	ok	
issilavinimas	2021-balandzio-11-radviliskio-mero	100.0	ok	
issilavinimas	2021-spalio-10-meru	100.0	ok	
issilavinimas	2023-geguzes-7-visagino-mero	100.0	ok	
issilavinimas	2023-kovo-5-savivaldybiu-tarybu-ir-meru	83.6	ok	
issilavinimas	2023-rugsejo-3-seimo-raseiniai-kedainiai	100.0	ok	
issilavinimas	2023-spalio-8-kupiskio-mero	100.0	ok	
issilavinimas	2024-ep	100.0	ok	
issilavinimas	2024-prezidento	100.0	ok	
issilavinimas	2024-seimo	100.0	ok	
issilavinimas	2025-kovo-16-meru	100.0	ok	
kalendoriniais-metais-isigytas-turtas	1996-spalio-20-seimo	99.8	ok	
kalendoriniais-metais-isigytas-turtas	1997-birzelio-29-svenciniu-tarybos-pakartotiniai	98.2	ok	
kalendoriniais-metais-isigytas-turtas	1997-gruodzio-21-seimo-pakartotiniai	100.0	ok	
kalendoriniais-metais-isigytas-turtas	1997-kovo-23-savivaldybiu-tarybu	87.3	ok	
kalendoriniais-metais-isigytas-turtas	1997-kovo-23-seimo-pakartotiniai	4.3	ok	
kalendoriniais-metais-isigytas-turtas	1998-kovo-22-seimo-pakartotiniai	18.2	ok	
kalendoriniais-metais-isigytas-turtas	1998-lapkricio-15-seimo-pakartotiniai	100.0	ok	
kalendoriniais-metais-isigytas-turtas	1999-kovo-21-seimo-pakartotiniai	100.0	ok	
kalendoriniais-metais-isigytas-turtas	2000-kovo-19-savivaldybiu-tarybu	100.0	ok	
kalendoriniais-metais-isigytas-turtas	2000-seimo	100.0	ok	
kita-apie-save	1996-spalio-20-seimo	4.3	ok	
kita-apie-save	2003-birzelio-15-seimo-nauji	18.5	ok	
kita-apie-save	2004-ep	21.2	ok	
kita-apie-save	2004-seimo	17.9	ok	
kita-apie-save	2005-lapkricio-20-seimo-kedainiai	20.0	ok	
kita-apie-save	2007-spalio-7-seimo-dzukija	20.0	ok	
kita-apie-save	2008-seimo	19.5	ok	
kita-apie-save	2009-ep	25.2	ok	
kita-apie-save	2009-lapkricio-15-seimo-silale-silute-vilnius-salcininkai	23.5	ok	
kita-apie-save	2009-prezidento	28.6	ok	
kita-apie-save	2011-vasario-13-seimo-marijampole	33.3	ok	
kita-apie-save	2011-vasario-27-savivaldybiu	9.3	ok	
kita-apie-save	2012-seimo	20.3	ok	
kita-apie-save	2013-kovo-3-seimo-birzai-zarasai-ukmerge	35.1	ok	
kita-apie-save	2014-prezidento	14.3	ok	
kita-apie-save	2015-birzelio-21-pakartotiniai-silutes	1.9	ok	
kita-apie-save	2015-birzelio-7-pakartotiniai-sirvintos-trakai	11.9	ok	
kita-apie-save	2015-birzelio-7-seimo-varena-eisiskes	25.0	ok	
kita-apie-save	2015-kovo-1-savivaldybiu	8.9	ok	
kita-apie-save	2015-kovo-1-seimo-zirmunai	33.3	ok	
kita-apie-save	2015-lapkricio-8-telsiu-mero	14.3	ok	
kita-apie-save	2016-seimo	23.0	ok	
kita-apie-save	2017-balandzio-23-meru	36.4	ok	
kita-apie-save	2017-balandzio-23-seimo-anyksciai-panevezys	45.5	ok	
kita-apie-save	2017-rugsejo-10-marijampoles-mero	25.0	ok	
kita-apie-save	2018-rugsejo-16-seimo-zanavykai	33.3	ok	
kita-apie-save	2019-ep	15.9	ok	
kita-apie-save	2019-kovo-3-savivaldybiu-tarybu	9.0	ok	
kita-apie-save	2019-prezidento	55.6	ok	
kita-apie-save	2019-rugsejo-8-seimo	44.4	ok	
kita-apie-save	2020-seimo	40.0	ok	
naryste-politinese-organizacijose	2003-birzelio-15-seimo-nauji	96.3	ok	
naryste-politinese-organizacijose	2004-ep	93.4	ok	
naryste-politinese-organizacijose	2004-seimo	88.8	ok	
naryste-politinese-organizacijose	2005-lapkricio-20-seimo-kedainiai	100.0	ok	
naryste-politinese-organizacijose	2007-spalio-7-seimo-dzukija	90.0	ok	
naryste-politinese-organizacijose	2007-vasario-25-savivaldybiu	63.8	ok	
naryste-politinese-organizacijose	2008-seimo	88.3	ok	
naryste-politinese-organizacijose	2009-ep	95.4	ok	
naryste-politinese-organizacijose	2009-lapkricio-15-seimo-silale-silute-vilnius-salcininkai	88.2	ok	
naryste-politinese-organizacijose	2009-prezidento	100.0	ok	
naryste-politinese-organizacijose	2011-vasario-13-seimo-marijampole	100.0	ok	
naryste-politinese-organizacijose	2011-vasario-27-savivaldybiu	68.3	ok	
naryste-politinese-organizacijose	2012-seimo	83.7	ok	
naryste-politinese-organizacijose	2013-kovo-3-seimo-birzai-zarasai-ukmerge	75.7	ok	
naryste-politinese-organizacijose	2014-ep	92.1	ok	
naryste-politinese-organizacijose	2014-prezidento	85.7	ok	
naryste-politinese-organizacijose	2015-birzelio-21-pakartotiniai-silutes	57.4	ok	
naryste-politinese-organizacijose	2015-birzelio-7-pakartotiniai-sirvintos-trakai	63.6	ok	
naryste-politinese-organizacijose	2015-birzelio-7-seimo-varena-eisiskes	87.5	ok	
naryste-politinese-organizacijose	2015-kovo-1-savivaldybiu	62.6	ok	
naryste-politinese-organizacijose	2015-kovo-1-seimo-zirmunai	100.0	ok	
naryste-politinese-organizacijose	2015-lapkricio-8-telsiu-mero	85.7	ok	
naryste-politinese-organizacijose	2016-seimo	77.2	ok	
naryste-politinese-organizacijose	2017-balandzio-23-meru	90.9	ok	
naryste-politinese-organizacijose	2017-balandzio-23-seimo-anyksciai-panevezys	90.9	ok	
naryste-politinese-organizacijose	2017-rugsejo-10-marijampoles-mero	87.5	ok	
naryste-politinese-organizacijose	2018-rugsejo-16-seimo-zanavykai	83.3	ok	
naryste-politinese-organizacijose	2019-ep	70.4	ok	
naryste-politinese-organizacijose	2019-kovo-3-savivaldybiu-tarybu	47.7	ok	
naryste-politinese-organizacijose	2019-prezidento	77.8	ok	
naryste-politinese-organizacijose	2019-rugsejo-8-seimo	85.2	ok	
naryste-politinese-organizacijose	2020-seimo	96.8	ok	
naryste-politinese-organizacijose	2021-balandzio-11-radviliskio-mero	100.0	ok	
naryste-politinese-organizacijose	2021-spalio-10-meru	100.0	ok	
naryste-politinese-organizacijose	2023-geguzes-7-visagino-mero	100.0	ok	
naryste-politinese-organizacijose	2023-kovo-5-savivaldybiu-tarybu-ir-meru	94.2	ok	
naryste-politinese-organizacijose	2023-rugsejo-3-seimo-raseiniai-kedainiai	100.0	ok	
naryste-politinese-organizacijose	2023-spalio-8-kupiskio-mero	100.0	ok	
naryste-politinese-organizacijose	2024-ep	91.8	ok	
naryste-politinese-organizacijose	2024-prezidento	87.5	ok	
naryste-politinese-organizacijose	2024-seimo	86.0	ok	
naryste-politinese-organizacijose	2025-kovo-16-meru	100.0	ok	
pagrindine-darboviete	1996-spalio-20-seimo	0.1	ok	
pagrindine-darboviete	1997-birzelio-29-svenciniu-tarybos-pakartotiniai	88.2	ok	
pagrindine-darboviete	1997-gruodzio-21-seimo-pakartotiniai	100.0	ok	
pagrindine-darboviete	1997-kovo-23-savivaldybiu-tarybu	78.6	ok	
pagrindine-darboviete	1997-kovo-23-seimo-pakartotiniai	100.0	ok	
pagrindine-darboviete	1998-kovo-22-seimo-pakartotiniai	72.7	ok	
pagrindine-darboviete	1998-lapkricio-15-seimo-pakartotiniai	90.9	ok	
pagrindine-darboviete	1999-kovo-21-seimo-pakartotiniai	90.9	ok	
pagrindine-darboviete	2000-kovo-19-savivaldybiu-tarybu	83.0	ok	
pagrindine-darboviete	2000-seimo	94.8	ok	
pagrindine-darboviete	2002-gruodzio-22-savivaldybiu-tarybu	86.8	ok	
pagrindine-darboviete	2003-birzelio-15-seimo-nauji	92.6	ok	
pagrindine-darboviete	2004-ep	96.3	ok	
pagrindine-darboviete	2004-seimo	95.7	ok	
pagrindine-darboviete	2005-lapkricio-20-seimo-kedainiai	100.0	ok	
pagrindine-darboviete	2007-spalio-7-seimo-dzukija	80.0	ok	
pagrindine-darboviete	2007-vasario-25-savivaldybiu	83.7	ok	
pagrindine-darboviete	2008-seimo	95.3	ok	
pagrindine-darboviete	2009-ep	95.4	ok	
pagrindine-darboviete	2009-lapkricio-15-seimo-silale-silute-vilnius-salcininkai	94.1	ok	
pagrindine-darboviete	2009-prezidento	100.0	ok	
pagrindine-darboviete	2011-vasario-13-seimo-marijampole	100.0	ok	
pagrindine-darboviete	2011-vasario-27-savivaldybiu	81.3	ok	
pagrindine-darboviete	2012-seimo	93.5	ok	
pagrindine-darboviete	2013-kovo-3-seimo-birzai-zarasai-ukmerge	73.0	ok	
pagrindine-darboviete	2014-ep	95.8	ok	
pagrindine-darboviete	2014-prezidento	100.0	ok	
pagrindine-darboviete	2015-birzelio-21-pakartotiniai-silutes	77.6	ok	
pagrindine-darboviete	2015-birzelio-7-pakartotiniai-sirvintos-trakai	70.9	ok	
pagrindine-darboviete	2015-birzelio-7-seimo-varena-eisiskes	87.5	ok	
pagrindine-darboviete	2015-kovo-1-savivaldybiu	79.5	ok	
pagrindine-darboviete	2015-kovo-1-seimo-zirmunai	83.3	ok	
pagrindine-darboviete	2015-lapkricio-8-telsiu-mero	71.4	ok	
pagrindine-darboviete	2016-seimo	83.3	ok	
pagrindine-darboviete	2017-balandzio-23-meru	100.0	ok	
pagrindine-darboviete	2017-balandzio-23-seimo-anyksciai-panevezys	90.9	ok	
pagrindine-darboviete	2017-rugsejo-10-marijampoles-mero	87.5	ok	
pagrindine-darboviete	2018-rugsejo-16-seimo-zanavykai	83.3	ok	
pagrindine-darboviete	2019-ep	75.7	ok	
pagrindine-darboviete	2019-kovo-3-savivaldybiu-tarybu	66.5	ok	
pagrindine-darboviete	2019-prezidento	100.0	ok	
pagrindine-darboviete	2019-rugsejo-8-seimo	88.9	ok	
pinigines-lesos	2002-gruodzio-22-savivaldybiu-tarybu	98.2	ok	
pinigines-lesos	2003-birzelio-15-seimo-nauji	88.9	ok	
pinigines-lesos	2004-ep	90.9	ok	
pinigines-lesos	2004-prezidento	100.0	ok	
pinigines-lesos	2004-seimo	89.6	ok	
pinigines-lesos	2005-lapkricio-20-seimo-kedainiai	80.0	ok	
pinigines-lesos	2007-spalio-7-seimo-dzukija	100.0	ok	
pinigines-lesos	2007-vasario-25-savivaldybiu	99.4	ok	
pinigines-lesos	2008-seimo	100.0	ok	
pinigines-lesos	2009-ep	100.0	ok	
pinigines-lesos	2009-lapkricio-15-seimo-silale-silute-vilnius-salcininkai	100.0	ok	
pinigines-lesos	2009-prezidento	100.0	ok	
pinigines-lesos	2011-vasario-13-seimo-marijampole	100.0	ok	
pinigines-lesos	2011-vasario-27-savivaldybiu	100.0	ok	
pinigines-lesos	2012-seimo	100.0	ok	
pinigines-lesos	2013-kovo-3-seimo-birzai-zarasai-ukmerge	100.0	ok	
pinigines-lesos	2014-ep	100.0	ok	
pinigines-lesos	2014-prezidento	100.0	ok	
pinigines-lesos	2015-birzelio-21-pakartotiniai-silutes	100.0	ok	
pinigines-lesos	2015-birzelio-7-pakartotiniai-sirvintos-trakai	99.7	ok	
pinigines-lesos	2015-birzelio-7-seimo-varena-eisiskes	100.0	ok	
pinigines-lesos	2015-kovo-1-savivaldybiu	100.0	ok	
pinigines-lesos	2015-kovo-1-seimo-zirmunai	100.0	ok	
pinigines-lesos	2015-lapkricio-8-telsiu-mero	100.0	ok	
pinigines-lesos	2016-seimo	99.8	ok	
pinigines-lesos	2017-balandzio-23-meru	100.0	ok	
pinigines-lesos	2017-balandzio-23-seimo-anyksciai-panevezys	100.0	ok	
pinigines-lesos	2017-rugsejo-10-marijampoles-mero	100.0	ok	
pinigines-lesos	2018-rugsejo-16-seimo-zanavykai	100.0	ok	
pinigines-lesos	2019-ep	100.0	ok	
pinigines-lesos	2019-kovo-3-savivaldybiu-tarybu	100.0	ok	
pinigines-lesos	2019-prezidento	100.0	ok	
pinigines-lesos	2019-rugsejo-8-seimo	100.0	ok	
pinigines-lesos	2020-seimo	99.9	ok	
pinigines-lesos	2021-balandzio-11-radviliskio-mero	100.0	ok	
pinigines-lesos	2021-spalio-10-meru	100.0	ok	
pinigines-lesos	2023-geguzes-7-visagino-mero	100.0	ok	
pinigines-lesos	2023-kovo-5-savivaldybiu-tarybu-ir-meru	100.0	ok	
pinigines-lesos	2023-rugsejo-3-seimo-raseiniai-kedainiai	100.0	ok	
pinigines-lesos	2023-spalio-8-kupiskio-mero	100.0	ok	
pinigines-lesos	2024-ep	100.0	ok	
pinigines-lesos	2024-prezidento	100.0	ok	
pinigines-lesos	2024-seimo	100.0	ok	
pinigines-lesos	2025-kovo-16-meru	100.0	ok	
pomegiai	2000-seimo	74.9	ok	
pomegiai	2003-birzelio-15-seimo-nauji	85.2	ok	
pomegiai	2004-ep	80.9	ok	
pomegiai	2004-seimo	83.6	ok	
pomegiai	2005-lapkricio-20-seimo-kedainiai	60.0	ok	
pomegiai	2007-spalio-7-seimo-dzukija	100.0	ok	
pomegiai	2007-vasario-25-savivaldybiu	59.8	ok	
pomegiai	2008-seimo	84.4	ok	
pomegiai	2009-ep	86.3	ok	
pomegiai	2009-lapkricio-15-seimo-silale-silute-vilnius-salcininkai	88.2	ok	
pomegiai	2009-prezidento	100.0	ok	
pomegiai	2011-vasario-13-seimo-marijampole	77.8	ok	
pomegiai	2011-vasario-27-savivaldybiu	65.4	ok	
pomegiai	2012-seimo	84.6	ok	
pomegiai	2013-kovo-3-seimo-birzai-zarasai-ukmerge	81.1	ok	
pomegiai	2014-ep	88.8	ok	
pomegiai	2014-prezidento	85.7	ok	
pomegiai	2015-birzelio-21-pakartotiniai-silutes	58.7	ok	
pomegiai	2015-birzelio-7-pakartotiniai-sirvintos-trakai	64.5	ok	
pomegiai	2015-birzelio-7-seimo-varena-eisiskes	87.5	ok	
pomegiai	2015-kovo-1-savivaldybiu	67.2	ok	
pomegiai	2015-kovo-1-seimo-zirmunai	83.3	ok	
pomegiai	2015-lapkricio-8-telsiu-mero	42.9	ok	
pomegiai	2016-seimo	77.0	ok	
pomegiai	2017-balandzio-23-meru	100.0	ok	
pomegiai	2017-balandzio-23-seimo-anyksciai-panevezys	100.0	ok	
pomegiai	2017-rugsejo-10-marijampoles-mero	87.5	ok	
pomegiai	2018-rugsejo-16-seimo-zanavykai	100.0	ok	
pomegiai	2019-ep	72.1	ok	
pomegiai	2019-kovo-3-savivaldybiu-tarybu	55.8	ok	
pomegiai	2019-prezidento	77.8	ok	
pomegiai	2019-rugsejo-8-seimo	81.5	ok	
pomegiai	2020-seimo	83.9	ok	
pomegiai	2021-balandzio-11-radviliskio-mero	100.0	ok	
pomegiai	2021-spalio-10-meru	100.0	ok	
pomegiai	2023-geguzes-7-visagino-mero	100.0	ok	
pomegiai	2023-kovo-5-savivaldybiu-tarybu-ir-meru	76.7	ok	
pomegiai	2023-rugsejo-3-seimo-raseiniai-kedainiai	100.0	ok	
pomegiai	2023-spalio-8-kupiskio-mero	80.0	ok	
pomegiai	2024-ep	100.0	ok	
pomegiai	2024-prezidento	100.0	ok	
pomegiai	2024-seimo	99.5	ok	
pomegiai	2025-kovo-16-meru	100.0	ok	
porinkiminis-numeris	2016-seimo	98.0	ok	
porinkiminis-numeris	2017-balandzio-23-meru	0.0	upstream-absent	A single-seat election has no list, so the card prints the label and leaves it — with Sąrašas and Numeris sąraše beside it — blank on all 11 records.
porinkiminis-numeris	2017-balandzio-23-seimo-anyksciai-panevezys	0.0	upstream-absent	A single-seat election has no list, so the card prints the label and leaves it — with Sąrašas and Numeris sąraše beside it — blank on all 11 records.
porinkiminis-numeris	2017-rugsejo-10-marijampoles-mero	0.0	upstream-absent	A single-seat election has no list, so the card prints the label and leaves it — with Sąrašas and Numeris sąraše beside it — blank on all 8 records.
porinkiminis-numeris	2018-rugsejo-16-seimo-zanavykai	0.0	upstream-absent	A single-seat election has no list, so the card prints the label and leaves it — with Sąrašas and Numeris sąraše beside it — blank on all 6 records.
porinkiminis-numeris	2019-ep	100.0	ok	
porinkiminis-numeris	2019-kovo-3-savivaldybiu-tarybu	99.8	ok	
porinkiminis-numeris	2019-rugsejo-8-seimo	0.0	upstream-absent	A single-seat election has no list, so the card prints the label and leaves it — with Sąrašas and Numeris sąraše beside it — blank on all 27 records.
porinkiminis-numeris	2020-seimo	98.3	ok	
porinkiminis-numeris	2021-balandzio-11-radviliskio-mero	0.0	upstream-absent	A single-seat election has no list, so the card prints the label and leaves it — with Sąrašas and Numeris sąraše beside it — blank on all 7 records.
porinkiminis-numeris	2021-spalio-10-meru	0.0	upstream-absent	A single-seat election has no list, so the card prints the label and leaves it — with Sąrašas and Numeris sąraše beside it — blank on all 14 records.
porinkiminis-numeris	2023-geguzes-7-visagino-mero	0.0	upstream-absent	A single-seat election has no list, so the card prints the label and leaves it — with Sąrašas and Numeris sąraše beside it — blank on all 2 records.
porinkiminis-numeris	2023-kovo-5-savivaldybiu-tarybu-ir-meru	99.8	ok	
porinkiminis-numeris	2023-rugsejo-3-seimo-raseiniai-kedainiai	0.0	upstream-absent	A single-seat election has no list, so the card prints the label and leaves it — with Sąrašas and Numeris sąraše beside it — blank on all 8 records.
porinkiminis-numeris	2023-spalio-8-kupiskio-mero	0.0	upstream-absent	A single-seat election has no list, so the card prints the label and leaves it — with Sąrašas and Numeris sąraše beside it — blank on all 5 records.
porinkiminis-numeris	2024-ep	100.0	ok	
porinkiminis-numeris	2024-seimo	98.9	ok	
porinkiminis-numeris	2025-kovo-16-meru	0.0	upstream-absent	A single-seat election has no list, so the card prints the label and leaves it — with Sąrašas and Numeris sąraše beside it — blank on all 14 records.
privalomas-registruoti-turtas	2004-ep	91.7	ok	
privalomas-registruoti-turtas	2004-prezidento	100.0	ok	
privalomas-registruoti-turtas	2004-seimo	95.9	ok	
privalomas-registruoti-turtas	2005-lapkricio-20-seimo-kedainiai	100.0	ok	
privalomas-registruoti-turtas	2007-spalio-7-seimo-dzukija	100.0	ok	
privalomas-registruoti-turtas	2007-vasario-25-savivaldybiu	99.4	ok	
privalomas-registruoti-turtas	2008-seimo	100.0	ok	
privalomas-registruoti-turtas	2009-ep	100.0	ok	
privalomas-registruoti-turtas	2009-lapkricio-15-seimo-silale-silute-vilnius-salcininkai	100.0	ok	
privalomas-registruoti-turtas	2009-prezidento	100.0	ok	
privalomas-registruoti-turtas	2011-vasario-13-seimo-marijampole	100.0	ok	
privalomas-registruoti-turtas	2011-vasario-27-savivaldybiu	100.0	ok	
privalomas-registruoti-turtas	2012-seimo	100.0	ok	
privalomas-registruoti-turtas	2013-kovo-3-seimo-birzai-zarasai-ukmerge	100.0	ok	
privalomas-registruoti-turtas	2014-ep	100.0	ok	
privalomas-registruoti-turtas	2014-prezidento	100.0	ok	
privalomas-registruoti-turtas	2015-birzelio-21-pakartotiniai-silutes	100.0	ok	
privalomas-registruoti-turtas	2015-birzelio-7-pakartotiniai-sirvintos-trakai	99.7	ok	
privalomas-registruoti-turtas	2015-birzelio-7-seimo-varena-eisiskes	100.0	ok	
privalomas-registruoti-turtas	2015-kovo-1-savivaldybiu	100.0	ok	
privalomas-registruoti-turtas	2015-kovo-1-seimo-zirmunai	100.0	ok	
privalomas-registruoti-turtas	2015-lapkricio-8-telsiu-mero	100.0	ok	
privalomas-registruoti-turtas	2016-seimo	99.8	ok	
privalomas-registruoti-turtas	2017-balandzio-23-meru	100.0	ok	
privalomas-registruoti-turtas	2017-balandzio-23-seimo-anyksciai-panevezys	100.0	ok	
privalomas-registruoti-turtas	2017-rugsejo-10-marijampoles-mero	100.0	ok	
privalomas-registruoti-turtas	2018-rugsejo-16-seimo-zanavykai	100.0	ok	
privalomas-registruoti-turtas	2019-ep	100.0	ok	
privalomas-registruoti-turtas	2019-kovo-3-savivaldybiu-tarybu	100.0	ok	
privalomas-registruoti-turtas	2019-prezidento	100.0	ok	
privalomas-registruoti-turtas	2019-rugsejo-8-seimo	100.0	ok	
privalomas-registruoti-turtas	2020-seimo	99.9	ok	
privalomas-registruoti-turtas	2021-balandzio-11-radviliskio-mero	100.0	ok	
privalomas-registruoti-turtas	2021-spalio-10-meru	100.0	ok	
privalomas-registruoti-turtas	2023-geguzes-7-visagino-mero	100.0	ok	
privalomas-registruoti-turtas	2023-kovo-5-savivaldybiu-tarybu-ir-meru	100.0	ok	
privalomas-registruoti-turtas	2023-rugsejo-3-seimo-raseiniai-kedainiai	100.0	ok	
privalomas-registruoti-turtas	2023-spalio-8-kupiskio-mero	100.0	ok	
privalomas-registruoti-turtas	2024-ep	100.0	ok	
privalomas-registruoti-turtas	2024-prezidento	100.0	ok	
privalomas-registruoti-turtas	2024-seimo	100.0	ok	
privalomas-registruoti-turtas	2025-kovo-16-meru	100.0	ok	
savivaldybe	1997-birzelio-29-svenciniu-tarybos-pakartotiniai	100.0	ok	
savivaldybe	1997-kovo-23-savivaldybiu-tarybu	100.0	ok	
savivaldybe	2000-kovo-19-savivaldybiu-tarybu	100.0	ok	
savivaldybe	2002-gruodzio-22-savivaldybiu-tarybu	100.0	ok	
savivaldybe	2007-vasario-25-savivaldybiu	100.0	ok	
savivaldybe	2011-vasario-27-savivaldybiu	100.0	ok	
savivaldybe	2015-birzelio-21-pakartotiniai-silutes	100.0	ok	
savivaldybe	2015-birzelio-7-pakartotiniai-sirvintos-trakai	100.0	ok	
savivaldybe	2015-kovo-1-savivaldybiu	100.0	ok	
savivaldybe	2015-lapkricio-8-telsiu-mero	100.0	ok	
savivaldybe	2017-balandzio-23-meru	100.0	ok	
savivaldybe	2017-rugsejo-10-marijampoles-mero	100.0	ok	
savivaldybe	2019-kovo-3-savivaldybiu-tarybu	100.0	ok	
savivaldybe	2021-balandzio-11-radviliskio-mero	100.0	ok	
savivaldybe	2021-spalio-10-meru	100.0	ok	
savivaldybe	2023-geguzes-7-visagino-mero	100.0	ok	
savivaldybe	2023-kovo-5-savivaldybiu-tarybu-ir-meru	100.0	ok	
savivaldybe	2023-spalio-8-kupiskio-mero	100.0	ok	
savivaldybe	2025-kovo-16-meru	100.0	ok	
seimine-padetis	1996-spalio-20-seimo	85.4	ok	
seimine-padetis	1997-birzelio-29-svenciniu-tarybos-pakartotiniai	85.5	ok	
seimine-padetis	1997-gruodzio-21-seimo-pakartotiniai	50.0	ok	
seimine-padetis	1997-kovo-23-savivaldybiu-tarybu	91.0	ok	
seimine-padetis	1997-kovo-23-seimo-pakartotiniai	82.6	ok	
seimine-padetis	1998-kovo-22-seimo-pakartotiniai	54.5	ok	
seimine-padetis	1998-lapkricio-15-seimo-pakartotiniai	63.6	ok	
seimine-padetis	1999-kovo-21-seimo-pakartotiniai	54.5	ok	
seimine-padetis	2000-kovo-19-savivaldybiu-tarybu	82.8	ok	
seimine-padetis	2000-seimo	87.6	ok	
seimine-padetis	2002-gruodzio-22-savivaldybiu-tarybu	87.1	ok	
seimine-padetis	2003-birzelio-15-seimo-nauji	100.0	ok	
seimine-padetis	2004-ep	97.5	ok	
seimine-padetis	2004-seimo	98.3	ok	
seimine-padetis	2005-lapkricio-20-seimo-kedainiai	100.0	ok	
seimine-padetis	2007-spalio-7-seimo-dzukija	90.0	ok	
seimine-padetis	2007-vasario-25-savivaldybiu	87.3	ok	
seimine-padetis	2008-seimo	95.1	ok	
seimine-padetis	2009-ep	97.3	ok	
seimine-padetis	2009-lapkricio-15-seimo-silale-silute-vilnius-salcininkai	94.1	ok	
seimine-padetis	2009-prezidento	85.7	ok	
seimine-padetis	2011-vasario-13-seimo-marijampole	100.0	ok	
seimine-padetis	2011-vasario-27-savivaldybiu	87.1	ok	
seimine-padetis	2012-seimo	91.8	ok	
seimine-padetis	2013-kovo-3-seimo-birzai-zarasai-ukmerge	83.8	ok	
seimine-padetis	2014-ep	96.7	ok	
seimine-padetis	2014-prezidento	85.7	ok	
seimine-padetis	2015-birzelio-21-pakartotiniai-silutes	80.6	ok	
seimine-padetis	2015-birzelio-7-pakartotiniai-sirvintos-trakai	77.7	ok	
seimine-padetis	2015-birzelio-7-seimo-varena-eisiskes	100.0	ok	
seimine-padetis	2015-kovo-1-savivaldybiu	84.8	ok	
seimine-padetis	2015-kovo-1-seimo-zirmunai	91.7	ok	
seimine-padetis	2015-lapkricio-8-telsiu-mero	85.7	ok	
seimine-padetis	2016-seimo	85.5	ok	
seimine-padetis	2017-balandzio-23-meru	100.0	ok	
seimine-padetis	2017-balandzio-23-seimo-anyksciai-panevezys	100.0	ok	
seimine-padetis	2017-rugsejo-10-marijampoles-mero	75.0	ok	
seimine-padetis	2018-rugsejo-16-seimo-zanavykai	100.0	ok	
seimine-padetis	2019-ep	77.7	ok	
seimine-padetis	2019-kovo-3-savivaldybiu-tarybu	69.3	ok	
seimine-padetis	2019-prezidento	88.9	ok	
seimine-padetis	2019-rugsejo-8-seimo	88.9	ok	
seimine-padetis	2020-seimo	89.7	ok	
seimine-padetis	2021-balandzio-11-radviliskio-mero	100.0	ok	
seimine-padetis	2021-spalio-10-meru	100.0	ok	
seimine-padetis	2023-geguzes-7-visagino-mero	100.0	ok	
seimine-padetis	2023-kovo-5-savivaldybiu-tarybu-ir-meru	89.6	ok	
seimine-padetis	2023-rugsejo-3-seimo-raseiniai-kedainiai	87.5	ok	
seimine-padetis	2023-spalio-8-kupiskio-mero	80.0	ok	
seimine-padetis	2024-ep	100.0	ok	
seimine-padetis	2024-prezidento	100.0	ok	
seimine-padetis	2024-seimo	100.0	ok	
seimine-padetis	2025-kovo-16-meru	100.0	ok	
sumoketas-pajamu-mokestis	1996-spalio-20-seimo	98.7	ok	
sumoketas-pajamu-mokestis	1997-birzelio-29-svenciniu-tarybos-pakartotiniai	98.2	ok	
sumoketas-pajamu-mokestis	1997-gruodzio-21-seimo-pakartotiniai	100.0	ok	
sumoketas-pajamu-mokestis	1997-kovo-23-savivaldybiu-tarybu	21.4	ok	
sumoketas-pajamu-mokestis	1997-kovo-23-seimo-pakartotiniai	4.3	ok	
sumoketas-pajamu-mokestis	1998-kovo-22-seimo-pakartotiniai	18.2	ok	
sumoketas-pajamu-mokestis	1998-lapkricio-15-seimo-pakartotiniai	100.0	ok	
sumoketas-pajamu-mokestis	1999-kovo-21-seimo-pakartotiniai	100.0	ok	
sumoketas-pajamu-mokestis	2000-kovo-19-savivaldybiu-tarybu	98.5	ok	
sumoketas-pajamu-mokestis	2000-seimo	99.7	ok	
sumoketas-pajamu-mokestis	2002-gruodzio-22-savivaldybiu-tarybu	99.2	ok	
sumoketas-pajamu-mokestis	2003-birzelio-15-seimo-nauji	92.6	ok	
sumoketas-pajamu-mokestis	2004-ep	95.0	ok	
sumoketas-pajamu-mokestis	2004-prezidento	100.0	ok	
sumoketas-pajamu-mokestis	2004-seimo	92.7	ok	
sumoketas-pajamu-mokestis	2005-lapkricio-20-seimo-kedainiai	100.0	ok	
sumoketas-pajamu-mokestis	2007-spalio-7-seimo-dzukija	100.0	ok	
sumoketas-pajamu-mokestis	2007-vasario-25-savivaldybiu	99.6	ok	
sumoketas-pajamu-mokestis	2008-seimo	99.9	ok	
sumoketas-pajamu-mokestis	2009-ep	99.6	ok	
sumoketas-pajamu-mokestis	2009-lapkricio-15-seimo-silale-silute-vilnius-salcininkai	100.0	ok	
sumoketas-pajamu-mokestis	2009-prezidento	100.0	ok	
sumoketas-pajamu-mokestis	2011-vasario-13-seimo-marijampole	100.0	ok	
sumoketas-pajamu-mokestis	2011-vasario-27-savivaldybiu	99.8	ok	
sumoketas-pajamu-mokestis	2012-seimo	100.0	ok	
sumoketas-pajamu-mokestis	2013-kovo-3-seimo-birzai-zarasai-ukmerge	100.0	ok	
sumoketas-pajamu-mokestis	2014-ep	99.1	ok	
sumoketas-pajamu-mokestis	2014-prezidento	100.0	ok	
sumoketas-pajamu-mokestis	2015-birzelio-21-pakartotiniai-silutes	100.0	ok	
sumoketas-pajamu-mokestis	2015-birzelio-7-pakartotiniai-sirvintos-trakai	99.7	ok	
sumoketas-pajamu-mokestis	2015-birzelio-7-seimo-varena-eisiskes	100.0	ok	
sumoketas-pajamu-mokestis	2015-kovo-1-savivaldybiu	100.0	ok	
sumoketas-pajamu-mokestis	2015-kovo-1-seimo-zirmunai	100.0	ok	
sumoketas-pajamu-mokestis	2015-lapkricio-8-telsiu-mero	100.0	ok	
sumoketas-pajamu-mokestis	2016-seimo	99.8	ok	
sumoketas-pajamu-mokestis	2017-balandzio-23-meru	100.0	ok	
sumoketas-pajamu-mokestis	2017-balandzio-23-seimo-anyksciai-panevezys	100.0	ok	
sumoketas-pajamu-mokestis	2017-rugsejo-10-marijampoles-mero	100.0	ok	
sumoketas-pajamu-mokestis	2018-rugsejo-16-seimo-zanavykai	100.0	ok	
sumoketas-pajamu-mokestis	2019-ep	100.0	ok	
sumoketas-pajamu-mokestis	2019-kovo-3-savivaldybiu-tarybu	100.0	ok	
sumoketas-pajamu-mokestis	2019-prezidento	100.0	ok	
sumoketas-pajamu-mokestis	2019-rugsejo-8-seimo	100.0	ok	
sumoketas-pajamu-mokestis	2020-seimo	99.9	ok	
sumoketas-pajamu-mokestis	2021-balandzio-11-radviliskio-mero	100.0	ok	
sumoketas-pajamu-mokestis	2021-spalio-10-meru	100.0	ok	
sumoketas-pajamu-mokestis	2023-geguzes-7-visagino-mero	100.0	ok	
sumoketas-pajamu-mokestis	2023-kovo-5-savivaldybiu-tarybu-ir-meru	100.0	ok	
sumoketas-pajamu-mokestis	2023-rugsejo-3-seimo-raseiniai-kedainiai	100.0	ok	
sumoketas-pajamu-mokestis	2023-spalio-8-kupiskio-mero	100.0	ok	
sumoketas-pajamu-mokestis	2024-ep	100.0	ok	
sumoketas-pajamu-mokestis	2024-prezidento	100.0	ok	
sumoketas-pajamu-mokestis	2024-seimo	100.0	ok	
sumoketas-pajamu-mokestis	2025-kovo-16-meru	100.0	ok	
suteiktos-paskolos	2002-gruodzio-22-savivaldybiu-tarybu	92.9	ok	
suteiktos-paskolos	2003-birzelio-15-seimo-nauji	14.8	ok	
suteiktos-paskolos	2004-ep	8.3	ok	
suteiktos-paskolos	2004-prezidento	80.0	ok	
suteiktos-paskolos	2004-seimo	35.6	ok	
suteiktos-paskolos	2005-lapkricio-20-seimo-kedainiai	20.0	ok	
suteiktos-paskolos	2007-spalio-7-seimo-dzukija	100.0	ok	
suteiktos-paskolos	2007-vasario-25-savivaldybiu	99.4	ok	
suteiktos-paskolos	2008-seimo	100.0	ok	
suteiktos-paskolos	2009-ep	100.0	ok	
suteiktos-paskolos	2009-lapkricio-15-seimo-silale-silute-vilnius-salcininkai	100.0	ok	
suteiktos-paskolos	2009-prezidento	100.0	ok	
suteiktos-paskolos	2011-vasario-13-seimo-marijampole	100.0	ok	
suteiktos-paskolos	2011-vasario-27-savivaldybiu	100.0	ok	
suteiktos-paskolos	2012-seimo	100.0	ok	
suteiktos-paskolos	2013-kovo-3-seimo-birzai-zarasai-ukmerge	100.0	ok	
suteiktos-paskolos	2014-ep	100.0	ok	
suteiktos-paskolos	2014-prezidento	100.0	ok	
suteiktos-paskolos	2015-birzelio-21-pakartotiniai-silutes	100.0	ok	
suteiktos-paskolos	2015-birzelio-7-pakartotiniai-sirvintos-trakai	99.7	ok	
suteiktos-paskolos	2015-birzelio-7-seimo-varena-eisiskes	100.0	ok	
suteiktos-paskolos	2015-kovo-1-savivaldybiu	100.0	ok	
suteiktos-paskolos	2015-kovo-1-seimo-zirmunai	100.0	ok	
suteiktos-paskolos	2015-lapkricio-8-telsiu-mero	100.0	ok	
suteiktos-paskolos	2016-seimo	99.8	ok	
suteiktos-paskolos	2017-balandzio-23-meru	100.0	ok	
suteiktos-paskolos	2017-balandzio-23-seimo-anyksciai-panevezys	100.0	ok	
suteiktos-paskolos	2017-rugsejo-10-marijampoles-mero	100.0	ok	
suteiktos-paskolos	2018-rugsejo-16-seimo-zanavykai	100.0	ok	
suteiktos-paskolos	2019-ep	100.0	ok	
suteiktos-paskolos	2019-kovo-3-savivaldybiu-tarybu	100.0	ok	
suteiktos-paskolos	2019-prezidento	100.0	ok	
suteiktos-paskolos	2019-rugsejo-8-seimo	100.0	ok	
suteiktos-paskolos	2020-seimo	99.9	ok	
suteiktos-paskolos	2021-balandzio-11-radviliskio-mero	100.0	ok	
suteiktos-paskolos	2021-spalio-10-meru	100.0	ok	
suteiktos-paskolos	2023-geguzes-7-visagino-mero	100.0	ok	
suteiktos-paskolos	2023-kovo-5-savivaldybiu-tarybu-ir-meru	100.0	ok	
suteiktos-paskolos	2023-rugsejo-3-seimo-raseiniai-kedainiai	100.0	ok	
suteiktos-paskolos	2023-spalio-8-kupiskio-mero	100.0	ok	
suteiktos-paskolos	2024-ep	100.0	ok	
suteiktos-paskolos	2024-prezidento	100.0	ok	
suteiktos-paskolos	2024-seimo	100.0	ok	
suteiktos-paskolos	2025-kovo-16-meru	100.0	ok	
sutuoktinio-vardas-pavarde	1996-spalio-20-seimo	71.3	ok	
sutuoktinio-vardas-pavarde	1997-birzelio-29-svenciniu-tarybos-pakartotiniai	75.5	ok	
sutuoktinio-vardas-pavarde	1997-gruodzio-21-seimo-pakartotiniai	100.0	ok	
sutuoktinio-vardas-pavarde	1997-kovo-23-savivaldybiu-tarybu	66.2	ok	
sutuoktinio-vardas-pavarde	1997-kovo-23-seimo-pakartotiniai	78.3	ok	
sutuoktinio-vardas-pavarde	1998-kovo-22-seimo-pakartotiniai	54.5	ok	
sutuoktinio-vardas-pavarde	1998-lapkricio-15-seimo-pakartotiniai	72.7	ok	
sutuoktinio-vardas-pavarde	1999-kovo-21-seimo-pakartotiniai	72.7	ok	
sutuoktinio-vardas-pavarde	2000-kovo-19-savivaldybiu-tarybu	69.9	ok	
sutuoktinio-vardas-pavarde	2000-seimo	81.4	ok	
sutuoktinio-vardas-pavarde	2002-gruodzio-22-savivaldybiu-tarybu	71.9	ok	
sutuoktinio-vardas-pavarde	2003-birzelio-15-seimo-nauji	85.2	ok	
sutuoktinio-vardas-pavarde	2004-ep	76.3	ok	
sutuoktinio-vardas-pavarde	2004-seimo	77.5	ok	
sutuoktinio-vardas-pavarde	2005-lapkricio-20-seimo-kedainiai	80.0	ok	
sutuoktinio-vardas-pavarde	2007-spalio-7-seimo-dzukija	70.0	ok	
sutuoktinio-vardas-pavarde	2007-vasario-25-savivaldybiu	64.6	ok	
sutuoktinio-vardas-pavarde	2008-seimo	73.7	ok	
sutuoktinio-vardas-pavarde	2009-ep	69.1	ok	
sutuoktinio-vardas-pavarde	2009-lapkricio-15-seimo-silale-silute-vilnius-salcininkai	64.7	ok	
sutuoktinio-vardas-pavarde	2009-prezidento	57.1	ok	
sutuoktinio-vardas-pavarde	2011-vasario-13-seimo-marijampole	77.8	ok	
sutuoktinio-vardas-pavarde	2011-vasario-27-savivaldybiu	60.4	ok	
sutuoktinio-vardas-pavarde	2012-seimo	68.1	ok	
sutuoktinio-vardas-pavarde	2013-kovo-3-seimo-birzai-zarasai-ukmerge	70.3	ok	
sutuoktinio-vardas-pavarde	2014-ep	73.0	ok	
sutuoktinio-vardas-pavarde	2014-prezidento	85.7	ok	
sutuoktinio-vardas-pavarde	2015-birzelio-21-pakartotiniai-silutes	59.8	ok	
sutuoktinio-vardas-pavarde	2015-birzelio-7-pakartotiniai-sirvintos-trakai	56.3	ok	
sutuoktinio-vardas-pavarde	2015-birzelio-7-seimo-varena-eisiskes	75.0	ok	
sutuoktinio-vardas-pavarde	2015-kovo-1-savivaldybiu	58.1	ok	
sutuoktinio-vardas-pavarde	2015-kovo-1-seimo-zirmunai	41.7	ok	
sutuoktinio-vardas-pavarde	2015-lapkricio-8-telsiu-mero	71.4	ok	
sutuoktinio-vardas-pavarde	2016-seimo	62.0	ok	
sutuoktinio-vardas-pavarde	2017-balandzio-23-meru	72.7	ok	
sutuoktinio-vardas-pavarde	2017-balandzio-23-seimo-anyksciai-panevezys	81.8	ok	
sutuoktinio-vardas-pavarde	2017-rugsejo-10-marijampoles-mero	75.0	ok	
sutuoktinio-vardas-pavarde	2018-rugsejo-16-seimo-zanavykai	83.3	ok	
sutuoktinio-vardas-pavarde	2019-ep	50.5	ok	
sutuoktinio-vardas-pavarde	2019-kovo-3-savivaldybiu-tarybu	47.6	ok	
sutuoktinio-vardas-pavarde	2019-prezidento	88.9	ok	
sutuoktinio-vardas-pavarde	2019-rugsejo-8-seimo	63.0	ok	
sutuoktinio-vardas-pavarde	2020-seimo	52.8	ok	
tautybe	1996-spalio-20-seimo	47.9	ok	
tautybe	1997-birzelio-29-svenciniu-tarybos-pakartotiniai	85.5	ok	
tautybe	1997-gruodzio-21-seimo-pakartotiniai	100.0	ok	
tautybe	1997-kovo-23-savivaldybiu-tarybu	97.7	ok	
tautybe	1997-kovo-23-seimo-pakartotiniai	100.0	ok	
tautybe	1998-kovo-22-seimo-pakartotiniai	45.5	ok	
tautybe	1998-lapkricio-15-seimo-pakartotiniai	90.9	ok	
tautybe	1999-kovo-21-seimo-pakartotiniai	90.9	ok	
tautybe	2002-gruodzio-22-savivaldybiu-tarybu	91.4	ok	
tautybe	2003-birzelio-15-seimo-nauji	96.3	ok	
tautybe	2004-ep	98.8	ok	
tautybe	2004-seimo	98.4	ok	
tautybe	2005-lapkricio-20-seimo-kedainiai	100.0	ok	
tautybe	2007-spalio-7-seimo-dzukija	90.0	ok	
tautybe	2007-vasario-25-savivaldybiu	87.3	ok	
tautybe	2008-seimo	96.6	ok	
tautybe	2009-ep	97.3	ok	
tautybe	2009-lapkricio-15-seimo-silale-silute-vilnius-salcininkai	100.0	ok	
tautybe	2009-prezidento	100.0	ok	
tautybe	2011-vasario-13-seimo-marijampole	100.0	ok	
tautybe	2011-vasario-27-savivaldybiu	90.9	ok	
tautybe	2012-seimo	94.4	ok	
tautybe	2013-kovo-3-seimo-birzai-zarasai-ukmerge	83.8	ok	
tautybe	2014-ep	95.8	ok	
tautybe	2014-prezidento	100.0	ok	
tautybe	2015-birzelio-21-pakartotiniai-silutes	82.0	ok	
tautybe	2015-birzelio-7-pakartotiniai-sirvintos-trakai	80.4	ok	
tautybe	2015-birzelio-7-seimo-varena-eisiskes	87.5	ok	
tautybe	2015-kovo-1-savivaldybiu	87.2	ok	
tautybe	2015-kovo-1-seimo-zirmunai	100.0	ok	
tautybe	2015-lapkricio-8-telsiu-mero	85.7	ok	
tautybe	2016-seimo	90.7	ok	
tautybe	2017-balandzio-23-meru	90.9	ok	
tautybe	2017-balandzio-23-seimo-anyksciai-panevezys	100.0	ok	
tautybe	2017-rugsejo-10-marijampoles-mero	87.5	ok	
tautybe	2018-rugsejo-16-seimo-zanavykai	100.0	ok	
tautybe	2019-ep	84.1	ok	
tautybe	2019-kovo-3-savivaldybiu-tarybu	78.1	ok	
tautybe	2019-prezidento	100.0	ok	
tautybe	2019-rugsejo-8-seimo	100.0	ok	
tautybe	2020-seimo	97.4	ok	
tautybe	2021-balandzio-11-radviliskio-mero	100.0	ok	
tautybe	2021-spalio-10-meru	100.0	ok	
tautybe	2023-geguzes-7-visagino-mero	50.0	ok	
tautybe	2023-kovo-5-savivaldybiu-tarybu-ir-meru	96.6	ok	
tautybe	2023-rugsejo-3-seimo-raseiniai-kedainiai	100.0	ok	
tautybe	2023-spalio-8-kupiskio-mero	100.0	ok	
teistumo-detales	2016-seimo	2.7	ok	
teistumo-detales	2017-balandzio-23-seimo-anyksciai-panevezys	0.0	empty-is-the-answer	irasai is [] on every record because all 11 candidates answered „Ne“ to the conviction question; the block itself is published (issue #86).
teistumo-detales	2018-rugsejo-16-seimo-zanavykai	0.0	empty-is-the-answer	irasai is [] on every record because all 6 candidates answered „Ne“ to the conviction question; the block itself is published (issue #86).
teistumo-detales	2019-ep	2.0	ok	
teistumo-detales	2019-kovo-3-savivaldybiu-tarybu	1.8	ok	
teistumo-detales	2019-rugsejo-8-seimo	7.4	ok	
teistumo-detales	2020-seimo	2.3	ok	
teistumo-detales	2021-balandzio-11-radviliskio-mero	14.3	ok	
teistumo-detales	2021-spalio-10-meru	7.1	ok	
teistumo-detales	2023-geguzes-7-visagino-mero	0.0	empty-is-the-answer	irasai is [] on every record because all 2 candidates answered „Ne“ to the conviction question; the block itself is published (issue #86).
teistumo-detales	2023-kovo-5-savivaldybiu-tarybu-ir-meru	3.9	ok	
teistumo-detales	2023-rugsejo-3-seimo-raseiniai-kedainiai	12.5	ok	
teistumo-detales	2023-spalio-8-kupiskio-mero	20.0	ok	
teistumo-detales	2024-ep	2.2	ok	
teistumo-detales	2024-prezidento	0.0	empty-is-the-answer	irasai is [] on every record because all 8 candidates answered „Ne“ to the conviction question; the block itself is published (issue #86).
teistumo-detales	2024-seimo	3.6	ok	
teistumo-detales	2025-kovo-16-meru	0.0	empty-is-the-answer	irasai is [] on every record because all 14 candidates answered „Ne“ to the conviction question; the block itself is published (issue #86).
turtas-ir-pinigines-lesos	1996-spalio-20-seimo	99.8	ok	
turtas-ir-pinigines-lesos	1997-birzelio-29-svenciniu-tarybos-pakartotiniai	98.2	ok	
turtas-ir-pinigines-lesos	1997-gruodzio-21-seimo-pakartotiniai	100.0	ok	
turtas-ir-pinigines-lesos	1997-kovo-23-savivaldybiu-tarybu	87.3	ok	
turtas-ir-pinigines-lesos	1997-kovo-23-seimo-pakartotiniai	4.3	ok	
turtas-ir-pinigines-lesos	1998-kovo-22-seimo-pakartotiniai	18.2	ok	
turtas-ir-pinigines-lesos	1998-lapkricio-15-seimo-pakartotiniai	100.0	ok	
turtas-ir-pinigines-lesos	1999-kovo-21-seimo-pakartotiniai	100.0	ok	
turtas-ir-pinigines-lesos	2000-kovo-19-savivaldybiu-tarybu	100.0	ok	
turtas-ir-pinigines-lesos	2000-seimo	100.0	ok	
turtas-ir-pinigines-lesos-metu-pradzioje	1996-spalio-20-seimo	99.8	ok	
turtas-ir-pinigines-lesos-metu-pradzioje	1997-birzelio-29-svenciniu-tarybos-pakartotiniai	98.2	ok	
turtas-ir-pinigines-lesos-metu-pradzioje	1997-gruodzio-21-seimo-pakartotiniai	100.0	ok	
turtas-ir-pinigines-lesos-metu-pradzioje	1997-kovo-23-savivaldybiu-tarybu	87.3	ok	
turtas-ir-pinigines-lesos-metu-pradzioje	1997-kovo-23-seimo-pakartotiniai	4.3	ok	
turtas-ir-pinigines-lesos-metu-pradzioje	1998-kovo-22-seimo-pakartotiniai	18.2	ok	
turtas-ir-pinigines-lesos-metu-pradzioje	1998-lapkricio-15-seimo-pakartotiniai	100.0	ok	
turtas-ir-pinigines-lesos-metu-pradzioje	1999-kovo-21-seimo-pakartotiniai	100.0	ok	
turtas-ir-pinigines-lesos-metu-pradzioje	2000-kovo-19-savivaldybiu-tarybu	100.0	ok	
turtas-ir-pinigines-lesos-metu-pradzioje	2000-seimo	100.0	ok	
turtas-ir-vertybiniai-popieriai	2002-gruodzio-22-savivaldybiu-tarybu	95.4	ok	
turtas-ir-vertybiniai-popieriai	2003-birzelio-15-seimo-nauji	96.3	ok	
turto-isigijimo-kaina	2018-rugsejo-16-seimo-zanavykai	100.0	ok	
turto-isigijimo-kaina	2019-ep	100.0	ok	
turto-isigijimo-kaina	2019-kovo-3-savivaldybiu-tarybu	100.0	ok	
turto-isigijimo-kaina	2019-prezidento	100.0	ok	
turto-isigijimo-kaina	2019-rugsejo-8-seimo	100.0	ok	
turto-isigijimo-kaina	2020-seimo	99.9	ok	
turto-isigijimo-kaina	2021-balandzio-11-radviliskio-mero	100.0	ok	
turto-isigijimo-kaina	2021-spalio-10-meru	100.0	ok	
turto-isigijimo-kaina	2023-geguzes-7-visagino-mero	100.0	ok	
turto-isigijimo-kaina	2023-kovo-5-savivaldybiu-tarybu-ir-meru	100.0	ok	
turto-isigijimo-kaina	2023-rugsejo-3-seimo-raseiniai-kedainiai	100.0	ok	
turto-isigijimo-kaina	2023-spalio-8-kupiskio-mero	100.0	ok	
turto-isigijimo-kaina	2024-ep	100.0	ok	
turto-isigijimo-kaina	2024-prezidento	100.0	ok	
turto-isigijimo-kaina	2024-seimo	100.0	ok	
turto-isigijimo-kaina	2025-kovo-16-meru	100.0	ok	
turto-pardavimo-pajamos	2018-rugsejo-16-seimo-zanavykai	100.0	ok	
turto-pardavimo-pajamos	2019-ep	100.0	ok	
turto-pardavimo-pajamos	2019-kovo-3-savivaldybiu-tarybu	100.0	ok	
turto-pardavimo-pajamos	2019-prezidento	100.0	ok	
turto-pardavimo-pajamos	2019-rugsejo-8-seimo	100.0	ok	
turto-pardavimo-pajamos	2020-seimo	99.9	ok	
turto-pardavimo-pajamos	2021-balandzio-11-radviliskio-mero	100.0	ok	
turto-pardavimo-pajamos	2021-spalio-10-meru	100.0	ok	
turto-pardavimo-pajamos	2023-geguzes-7-visagino-mero	100.0	ok	
turto-pardavimo-pajamos	2023-kovo-5-savivaldybiu-tarybu-ir-meru	100.0	ok	
turto-pardavimo-pajamos	2023-rugsejo-3-seimo-raseiniai-kedainiai	100.0	ok	
turto-pardavimo-pajamos	2023-spalio-8-kupiskio-mero	100.0	ok	
turto-pardavimo-pajamos	2024-ep	100.0	ok	
turto-pardavimo-pajamos	2024-prezidento	100.0	ok	
turto-pardavimo-pajamos	2024-seimo	100.0	ok	
turto-pardavimo-pajamos	2025-kovo-16-meru	100.0	ok	
uzsienio-kalbos	1996-spalio-20-seimo	80.8	ok	
uzsienio-kalbos	1997-birzelio-29-svenciniu-tarybos-pakartotiniai	80.0	ok	
uzsienio-kalbos	1997-gruodzio-21-seimo-pakartotiniai	100.0	ok	
uzsienio-kalbos	1997-kovo-23-savivaldybiu-tarybu	69.6	ok	
uzsienio-kalbos	1997-kovo-23-seimo-pakartotiniai	78.3	ok	
uzsienio-kalbos	1998-kovo-22-seimo-pakartotiniai	63.6	ok	
uzsienio-kalbos	1998-lapkricio-15-seimo-pakartotiniai	90.9	ok	
uzsienio-kalbos	1999-kovo-21-seimo-pakartotiniai	95.5	ok	
uzsienio-kalbos	2000-kovo-19-savivaldybiu-tarybu	78.8	ok	
uzsienio-kalbos	2000-seimo	95.1	ok	
uzsienio-kalbos	2002-gruodzio-22-savivaldybiu-tarybu	85.8	ok	
uzsienio-kalbos	2003-birzelio-15-seimo-nauji	100.0	ok	
uzsienio-kalbos	2004-ep	98.3	ok	
uzsienio-kalbos	2004-seimo	96.3	ok	
uzsienio-kalbos	2005-lapkricio-20-seimo-kedainiai	100.0	ok	
uzsienio-kalbos	2007-spalio-7-seimo-dzukija	100.0	ok	
uzsienio-kalbos	2007-vasario-25-savivaldybiu	83.4	ok	
uzsienio-kalbos	2008-seimo	95.3	ok	
uzsienio-kalbos	2009-ep	97.7	ok	
uzsienio-kalbos	2009-lapkricio-15-seimo-silale-silute-vilnius-salcininkai	94.1	ok	
uzsienio-kalbos	2009-prezidento	100.0	ok	
uzsienio-kalbos	2011-vasario-13-seimo-marijampole	100.0	ok	
uzsienio-kalbos	2011-vasario-27-savivaldybiu	86.0	ok	
uzsienio-kalbos	2012-seimo	95.1	ok	
uzsienio-kalbos	2013-kovo-3-seimo-birzai-zarasai-ukmerge	75.7	ok	
uzsienio-kalbos	2014-ep	95.8	ok	
uzsienio-kalbos	2014-prezidento	100.0	ok	
uzsienio-kalbos	2015-birzelio-21-pakartotiniai-silutes	71.3	ok	
uzsienio-kalbos	2015-birzelio-7-pakartotiniai-sirvintos-trakai	75.5	ok	
uzsienio-kalbos	2015-birzelio-7-seimo-varena-eisiskes	87.5	ok	
uzsienio-kalbos	2015-kovo-1-savivaldybiu	81.6	ok	
uzsienio-kalbos	2015-kovo-1-seimo-zirmunai	100.0	ok	
uzsienio-kalbos	2015-lapkricio-8-telsiu-mero	57.1	ok	
uzsienio-kalbos	2016-seimo	82.0	ok	
uzsienio-kalbos	2017-balandzio-23-meru	100.0	ok	
uzsienio-kalbos	2017-balandzio-23-seimo-anyksciai-panevezys	90.9	ok	
uzsienio-kalbos	2017-rugsejo-10-marijampoles-mero	87.5	ok	
uzsienio-kalbos	2018-rugsejo-16-seimo-zanavykai	50.0	ok	
uzsienio-kalbos	2019-ep	84.1	ok	
uzsienio-kalbos	2019-kovo-3-savivaldybiu-tarybu	64.4	ok	
uzsienio-kalbos	2019-prezidento	88.9	ok	
uzsienio-kalbos	2019-rugsejo-8-seimo	88.9	ok	
uzsienio-kalbos	2020-seimo	90.6	ok	
uzsienio-kalbos	2021-balandzio-11-radviliskio-mero	100.0	ok	
uzsienio-kalbos	2021-spalio-10-meru	100.0	ok	
uzsienio-kalbos	2023-geguzes-7-visagino-mero	100.0	ok	
uzsienio-kalbos	2023-kovo-5-savivaldybiu-tarybu-ir-meru	80.4	ok	
uzsienio-kalbos	2023-rugsejo-3-seimo-raseiniai-kedainiai	100.0	ok	
uzsienio-kalbos	2023-spalio-8-kupiskio-mero	100.0	ok	
uzsienio-kalbos	2024-ep	100.0	ok	
uzsienio-kalbos	2024-prezidento	100.0	ok	
uzsienio-kalbos	2024-seimo	100.0	ok	
uzsienio-kalbos	2025-kovo-16-meru	100.0	ok	
vaiku-vardai-pavardes	1996-spalio-20-seimo	75.9	ok	
vaiku-vardai-pavardes	1997-birzelio-29-svenciniu-tarybos-pakartotiniai	77.3	ok	
vaiku-vardai-pavardes	1997-gruodzio-21-seimo-pakartotiniai	100.0	ok	
vaiku-vardai-pavardes	1997-kovo-23-savivaldybiu-tarybu	68.1	ok	
vaiku-vardai-pavardes	1997-kovo-23-seimo-pakartotiniai	82.6	ok	
vaiku-vardai-pavardes	1998-kovo-22-seimo-pakartotiniai	45.5	ok	
vaiku-vardai-pavardes	1998-lapkricio-15-seimo-pakartotiniai	81.8	ok	
vaiku-vardai-pavardes	1999-kovo-21-seimo-pakartotiniai	86.4	ok	
vaiku-vardai-pavardes	2000-kovo-19-savivaldybiu-tarybu	73.1	ok	
vaiku-vardai-pavardes	2000-seimo	87.5	ok	
vaiku-vardai-pavardes	2002-gruodzio-22-savivaldybiu-tarybu	77.1	ok	
vaiku-vardai-pavardes	2003-birzelio-15-seimo-nauji	85.2	ok	
vaiku-vardai-pavardes	2004-ep	84.6	ok	
vaiku-vardai-pavardes	2004-seimo	85.7	ok	
vaiku-vardai-pavardes	2005-lapkricio-20-seimo-kedainiai	100.0	ok	
vaiku-vardai-pavardes	2007-spalio-7-seimo-dzukija	80.0	ok	
vaiku-vardai-pavardes	2007-vasario-25-savivaldybiu	73.1	ok	
vaiku-vardai-pavardes	2008-seimo	81.5	ok	
vaiku-vardai-pavardes	2009-ep	81.3	ok	
vaiku-vardai-pavardes	2009-lapkricio-15-seimo-silale-silute-vilnius-salcininkai	70.6	ok	
vaiku-vardai-pavardes	2009-prezidento	85.7	ok	
vaiku-vardai-pavardes	2011-vasario-13-seimo-marijampole	88.9	ok	
vaiku-vardai-pavardes	2011-vasario-27-savivaldybiu	71.7	ok	
vaiku-vardai-pavardes	2012-seimo	80.2	ok	
vaiku-vardai-pavardes	2013-kovo-3-seimo-birzai-zarasai-ukmerge	73.0	ok	
vaiku-vardai-pavardes	2014-ep	76.3	ok	
vaiku-vardai-pavardes	2014-prezidento	85.7	ok	
vaiku-vardai-pavardes	2015-birzelio-21-pakartotiniai-silutes	69.4	ok	
vaiku-vardai-pavardes	2015-birzelio-7-pakartotiniai-sirvintos-trakai	63.3	ok	
vaiku-vardai-pavardes	2015-birzelio-7-seimo-varena-eisiskes	75.0	ok	
vaiku-vardai-pavardes	2015-kovo-1-savivaldybiu	68.2	ok	
vaiku-vardai-pavardes	2015-kovo-1-seimo-zirmunai	83.3	ok	
vaiku-vardai-pavardes	2015-lapkricio-8-telsiu-mero	71.4	ok	
vaiku-vardai-pavardes	2016-seimo	72.1	ok	
vaiku-vardai-pavardes	2017-balandzio-23-meru	90.9	ok	
vaiku-vardai-pavardes	2017-balandzio-23-seimo-anyksciai-panevezys	72.7	ok	
vaiku-vardai-pavardes	2017-rugsejo-10-marijampoles-mero	87.5	ok	
vaiku-vardai-pavardes	2018-rugsejo-16-seimo-zanavykai	83.3	ok	
vaiku-vardai-pavardes	2019-ep	62.5	ok	
vaiku-vardai-pavardes	2019-kovo-3-savivaldybiu-tarybu	56.1	ok	
vaiku-vardai-pavardes	2019-prezidento	88.9	ok	
vaiku-vardai-pavardes	2019-rugsejo-8-seimo	81.5	ok	
vaiku-vardai-pavardes	2020-seimo	74.7	ok	
vertybiniai-popieriai-meno-kuriniai-juvelyriniai-dirbiniai	2004-ep	41.1	ok	
vertybiniai-popieriai-meno-kuriniai-juvelyriniai-dirbiniai	2004-prezidento	80.0	ok	
vertybiniai-popieriai-meno-kuriniai-juvelyriniai-dirbiniai	2004-seimo	54.4	ok	
vertybiniai-popieriai-meno-kuriniai-juvelyriniai-dirbiniai	2005-lapkricio-20-seimo-kedainiai	40.0	ok	
vertybiniai-popieriai-meno-kuriniai-juvelyriniai-dirbiniai	2007-spalio-7-seimo-dzukija	100.0	ok	
vertybiniai-popieriai-meno-kuriniai-juvelyriniai-dirbiniai	2007-vasario-25-savivaldybiu	99.4	ok	
vertybiniai-popieriai-meno-kuriniai-juvelyriniai-dirbiniai	2008-seimo	100.0	ok	
vertybiniai-popieriai-meno-kuriniai-juvelyriniai-dirbiniai	2009-ep	100.0	ok	
vertybiniai-popieriai-meno-kuriniai-juvelyriniai-dirbiniai	2009-lapkricio-15-seimo-silale-silute-vilnius-salcininkai	100.0	ok	
vertybiniai-popieriai-meno-kuriniai-juvelyriniai-dirbiniai	2009-prezidento	100.0	ok	
vertybiniai-popieriai-meno-kuriniai-juvelyriniai-dirbiniai	2011-vasario-13-seimo-marijampole	100.0	ok	
vertybiniai-popieriai-meno-kuriniai-juvelyriniai-dirbiniai	2011-vasario-27-savivaldybiu	100.0	ok	
vertybiniai-popieriai-meno-kuriniai-juvelyriniai-dirbiniai	2012-seimo	100.0	ok	
vertybiniai-popieriai-meno-kuriniai-juvelyriniai-dirbiniai	2013-kovo-3-seimo-birzai-zarasai-ukmerge	100.0	ok	
vertybiniai-popieriai-meno-kuriniai-juvelyriniai-dirbiniai	2014-ep	100.0	ok	
vertybiniai-popieriai-meno-kuriniai-juvelyriniai-dirbiniai	2014-prezidento	100.0	ok	
vertybiniai-popieriai-meno-kuriniai-juvelyriniai-dirbiniai	2015-birzelio-21-pakartotiniai-silutes	100.0	ok	
vertybiniai-popieriai-meno-kuriniai-juvelyriniai-dirbiniai	2015-birzelio-7-pakartotiniai-sirvintos-trakai	99.7	ok	
vertybiniai-popieriai-meno-kuriniai-juvelyriniai-dirbiniai	2015-birzelio-7-seimo-varena-eisiskes	100.0	ok	
vertybiniai-popieriai-meno-kuriniai-juvelyriniai-dirbiniai	2015-kovo-1-savivaldybiu	100.0	ok	
vertybiniai-popieriai-meno-kuriniai-juvelyriniai-dirbiniai	2015-kovo-1-seimo-zirmunai	100.0	ok	
vertybiniai-popieriai-meno-kuriniai-juvelyriniai-dirbiniai	2015-lapkricio-8-telsiu-mero	100.0	ok	
vertybiniai-popieriai-meno-kuriniai-juvelyriniai-dirbiniai	2016-seimo	99.8	ok	
vertybiniai-popieriai-meno-kuriniai-juvelyriniai-dirbiniai	2017-balandzio-23-meru	100.0	ok	
vertybiniai-popieriai-meno-kuriniai-juvelyriniai-dirbiniai	2017-balandzio-23-seimo-anyksciai-panevezys	100.0	ok	
vertybiniai-popieriai-meno-kuriniai-juvelyriniai-dirbiniai	2017-rugsejo-10-marijampoles-mero	100.0	ok	
vertybiniai-popieriai-meno-kuriniai-juvelyriniai-dirbiniai	2018-rugsejo-16-seimo-zanavykai	100.0	ok	
vertybiniai-popieriai-meno-kuriniai-juvelyriniai-dirbiniai	2019-ep	100.0	ok	
vertybiniai-popieriai-meno-kuriniai-juvelyriniai-dirbiniai	2019-kovo-3-savivaldybiu-tarybu	100.0	ok	
vertybiniai-popieriai-meno-kuriniai-juvelyriniai-dirbiniai	2019-prezidento	100.0	ok	
vertybiniai-popieriai-meno-kuriniai-juvelyriniai-dirbiniai	2019-rugsejo-8-seimo	100.0	ok	
vertybiniai-popieriai-meno-kuriniai-juvelyriniai-dirbiniai	2020-seimo	99.9	ok	
vertybiniai-popieriai-meno-kuriniai-juvelyriniai-dirbiniai	2021-balandzio-11-radviliskio-mero	100.0	ok	
vertybiniai-popieriai-meno-kuriniai-juvelyriniai-dirbiniai	2021-spalio-10-meru	100.0	ok	
vertybiniai-popieriai-meno-kuriniai-juvelyriniai-dirbiniai	2023-geguzes-7-visagino-mero	100.0	ok	
vertybiniai-popieriai-meno-kuriniai-juvelyriniai-dirbiniai	2023-kovo-5-savivaldybiu-tarybu-ir-meru	100.0	ok	
vertybiniai-popieriai-meno-kuriniai-juvelyriniai-dirbiniai	2023-rugsejo-3-seimo-raseiniai-kedainiai	100.0	ok	
vertybiniai-popieriai-meno-kuriniai-juvelyriniai-dirbiniai	2023-spalio-8-kupiskio-mero	100.0	ok	
vertybiniai-popieriai-meno-kuriniai-juvelyriniai-dirbiniai	2024-ep	100.0	ok	
vertybiniai-popieriai-meno-kuriniai-juvelyriniai-dirbiniai	2024-prezidento	100.0	ok	
vertybiniai-popieriai-meno-kuriniai-juvelyriniai-dirbiniai	2024-seimo	100.0	ok	
vertybiniai-popieriai-meno-kuriniai-juvelyriniai-dirbiniai	2025-kovo-16-meru	100.0	ok	
visuomenine-veikla	1996-spalio-20-seimo	11.3	ok	
visuomenine-veikla	1997-birzelio-29-svenciniu-tarybos-pakartotiniai	28.2	ok	
visuomenine-veikla	1997-gruodzio-21-seimo-pakartotiniai	50.0	ok	
visuomenine-veikla	1997-kovo-23-savivaldybiu-tarybu	22.9	ok	
visuomenine-veikla	1997-kovo-23-seimo-pakartotiniai	47.8	ok	
visuomenine-veikla	1998-lapkricio-15-seimo-pakartotiniai	36.4	ok	
visuomenine-veikla	1999-kovo-21-seimo-pakartotiniai	72.7	ok	
visuomenine-veikla	2000-kovo-19-savivaldybiu-tarybu	25.1	ok	
visuomenine-veikla	2000-seimo	64.8	ok	
visuomenine-veikla	2002-gruodzio-22-savivaldybiu-tarybu	32.5	ok	
visuomenine-veikla	2003-birzelio-15-seimo-nauji	55.6	ok	
visuomenine-veikla	2004-ep	76.8	ok	
visuomenine-veikla	2004-seimo	70.5	ok	
visuomenine-veikla	2005-lapkricio-20-seimo-kedainiai	80.0	ok	
visuomenine-veikla	2007-spalio-7-seimo-dzukija	70.0	ok	
visuomenine-veikla	2007-vasario-25-savivaldybiu	36.1	ok	
visuomenine-veikla	2008-seimo	64.3	ok	
visuomenine-veikla	2009-ep	64.5	ok	
visuomenine-veikla	2009-lapkricio-15-seimo-silale-silute-vilnius-salcininkai	64.7	ok	
visuomenine-veikla	2009-prezidento	85.7	ok	
visuomenine-veikla	2011-vasario-13-seimo-marijampole	88.9	ok	
visuomenine-veikla	2011-vasario-27-savivaldybiu	36.5	ok	
visuomenine-veikla	2012-seimo	59.1	ok	
visuomenine-veikla	2013-kovo-3-seimo-birzai-zarasai-ukmerge	62.2	ok	
visuomenine-veikla	2014-ep	72.6	ok	
visuomenine-veikla	2014-prezidento	71.4	ok	
visuomenine-veikla	2015-birzelio-21-pakartotiniai-silutes	29.0	ok	
visuomenine-veikla	2015-birzelio-7-pakartotiniai-sirvintos-trakai	39.8	ok	
visuomenine-veikla	2015-birzelio-7-seimo-varena-eisiskes	87.5	ok	
visuomenine-veikla	2015-kovo-1-savivaldybiu	38.4	ok	
visuomenine-veikla	2015-kovo-1-seimo-zirmunai	75.0	ok	
visuomenine-veikla	2015-lapkricio-8-telsiu-mero	42.9	ok	
visuomenine-veikla	2016-seimo	60.4	ok	
visuomenine-veikla	2017-balandzio-23-meru	81.8	ok	
visuomenine-veikla	2017-balandzio-23-seimo-anyksciai-panevezys	72.7	ok	
visuomenine-veikla	2017-rugsejo-10-marijampoles-mero	75.0	ok	
visuomenine-veikla	2018-rugsejo-16-seimo-zanavykai	83.3	ok	
visuomenine-veikla	2019-ep	55.5	ok	
visuomenine-veikla	2019-kovo-3-savivaldybiu-tarybu	32.9	ok	
visuomenine-veikla	2019-prezidento	55.6	ok	
visuomenine-veikla	2019-rugsejo-8-seimo	66.7	ok	
visuomenine-veikla	2020-seimo	55.9	ok	
visuomenine-veikla	2021-balandzio-11-radviliskio-mero	71.4	ok	
visuomenine-veikla	2021-spalio-10-meru	85.7	ok	
visuomenine-veikla	2023-geguzes-7-visagino-mero	100.0	ok	
visuomenine-veikla	2023-kovo-5-savivaldybiu-tarybu-ir-meru	45.0	ok	
visuomenine-veikla	2023-rugsejo-3-seimo-raseiniai-kedainiai	87.5	ok	
visuomenine-veikla	2023-spalio-8-kupiskio-mero	100.0	ok	
visuomenine-veikla	2024-ep	100.0	ok	
visuomenine-veikla	2024-prezidento	100.0	ok	
visuomenine-veikla	2024-seimo	97.8	ok	
visuomenine-veikla	2025-kovo-16-meru	100.0	ok	
