form	records	municipality_id	elections
Akmenės rajono	762	akmenes-rajono	1997-kovo-23-savivaldybiu-tarybu,2000-kovo-19-savivaldybiu-tarybu,2002-gruodzio-22-savivaldybiu-tarybu,2019-kovo-3-savivaldybiu-tarybu,2023-kovo-5-savivaldybiu-tarybu-ir-meru
Akmenės rajono savivaldybė	682	akmenes-rajono	2007-vasario-25-savivaldybiu,2011-vasario-27-savivaldybiu,2015-kovo-1-savivaldybiu
Alytaus miesto	1217	alytaus-miesto	1997-kovo-23-savivaldybiu-tarybu,2000-kovo-19-savivaldybiu-tarybu,2002-gruodzio-22-savivaldybiu-tarybu,2019-kovo-3-savivaldybiu-tarybu,2023-kovo-5-savivaldybiu-tarybu-ir-meru
Alytaus miesto savivaldybė	1001	alytaus-miesto	2007-vasario-25-savivaldybiu,2011-vasario-27-savivaldybiu,2015-kovo-1-savivaldybiu
Alytaus rajono	884	alytaus-rajono	1997-kovo-23-savivaldybiu-tarybu,2000-kovo-19-savivaldybiu-tarybu,2002-gruodzio-22-savivaldybiu-tarybu,2019-kovo-3-savivaldybiu-tarybu,2023-kovo-5-savivaldybiu-tarybu-ir-meru
Alytaus rajono savivaldybė	707	alytaus-rajono	2007-vasario-25-savivaldybiu,2011-vasario-27-savivaldybiu,2015-kovo-1-savivaldybiu
Anykščių rajono	783	anyksciu-rajono	1997-kovo-23-savivaldybiu-tarybu,2000-kovo-19-savivaldybiu-tarybu,2002-gruodzio-22-savivaldybiu-tarybu,2019-kovo-3-savivaldybiu-tarybu,2023-kovo-5-savivaldybiu-tarybu-ir-meru
Anykščių rajono savivaldybė	651	anyksciu-rajono	2007-vasario-25-savivaldybiu,2011-vasario-27-savivaldybiu,2015-kovo-1-savivaldybiu
Birštono	268	birstono	2002-gruodzio-22-savivaldybiu-tarybu,2019-kovo-3-savivaldybiu-tarybu,2023-kovo-5-savivaldybiu-tarybu-ir-meru
Birštono miesto	170	birstono	1997-kovo-23-savivaldybiu-tarybu,2000-kovo-19-savivaldybiu-tarybu
Birštono savivaldybė	414	birstono	2007-vasario-25-savivaldybiu,2011-vasario-27-savivaldybiu,2015-kovo-1-savivaldybiu
Biržų rajono	792	birzu-rajono	1997-kovo-23-savivaldybiu-tarybu,2000-kovo-19-savivaldybiu-tarybu,2002-gruodzio-22-savivaldybiu-tarybu,2019-kovo-3-savivaldybiu-tarybu,2023-kovo-5-savivaldybiu-tarybu-ir-meru
Biržų rajono savivaldybė	533	birzu-rajono	2007-vasario-25-savivaldybiu,2011-vasario-27-savivaldybiu,2015-kovo-1-savivaldybiu
Druskininkų	507	druskininku	2002-gruodzio-22-savivaldybiu-tarybu,2019-kovo-3-savivaldybiu-tarybu,2023-kovo-5-savivaldybiu-tarybu-ir-meru
Druskininkų miesto	265	druskininku	1997-kovo-23-savivaldybiu-tarybu,2000-kovo-19-savivaldybiu-tarybu
Druskininkų savivaldybė	462	druskininku	2007-vasario-25-savivaldybiu,2011-vasario-27-savivaldybiu,2015-kovo-1-savivaldybiu
Elektrėnų	794	elektrenu	2000-kovo-19-savivaldybiu-tarybu,2002-gruodzio-22-savivaldybiu-tarybu,2019-kovo-3-savivaldybiu-tarybu,2023-kovo-5-savivaldybiu-tarybu-ir-meru
Elektrėnų savivaldybė	822	elektrenu	2007-vasario-25-savivaldybiu,2011-vasario-27-savivaldybiu,2015-kovo-1-savivaldybiu
Ignalinos rajono	714	ignalinos-rajono	1997-kovo-23-savivaldybiu-tarybu,2000-kovo-19-savivaldybiu-tarybu,2002-gruodzio-22-savivaldybiu-tarybu,2019-kovo-3-savivaldybiu-tarybu,2023-kovo-5-savivaldybiu-tarybu-ir-meru
Ignalinos rajono savivaldybė	557	ignalinos-rajono	2007-vasario-25-savivaldybiu,2011-vasario-27-savivaldybiu,2015-kovo-1-savivaldybiu
Jonavos rajono	861	jonavos-rajono	1997-kovo-23-savivaldybiu-tarybu,2000-kovo-19-savivaldybiu-tarybu,2002-gruodzio-22-savivaldybiu-tarybu,2019-kovo-3-savivaldybiu-tarybu,2023-kovo-5-savivaldybiu-tarybu-ir-meru
Jonavos rajono (10)	10	jonavos-rajono	2017-balandzio-23-meru,2025-kovo-16-meru
Jonavos rajono savivaldybė	732	jonavos-rajono	2007-vasario-25-savivaldybiu,2011-vasario-27-savivaldybiu,2015-kovo-1-savivaldybiu
Joniškio rajono	733	joniskio-rajono	1997-kovo-23-savivaldybiu-tarybu,2000-kovo-19-savivaldybiu-tarybu,2002-gruodzio-22-savivaldybiu-tarybu,2019-kovo-3-savivaldybiu-tarybu,2023-kovo-5-savivaldybiu-tarybu-ir-meru
Joniškio rajono (11)	4	joniskio-rajono	2025-kovo-16-meru
Joniškio rajono savivaldybė	760	joniskio-rajono	2007-vasario-25-savivaldybiu,2011-vasario-27-savivaldybiu,2015-kovo-1-savivaldybiu
Jurbarko rajono	816	jurbarko-rajono	1997-kovo-23-savivaldybiu-tarybu,2000-kovo-19-savivaldybiu-tarybu,2002-gruodzio-22-savivaldybiu-tarybu,2019-kovo-3-savivaldybiu-tarybu,2023-kovo-5-savivaldybiu-tarybu-ir-meru
Jurbarko rajono savivaldybė	679	jurbarko-rajono	2007-vasario-25-savivaldybiu,2011-vasario-27-savivaldybiu,2015-kovo-1-savivaldybiu
Kaišiadorių rajono	974	kaisiadoriu-rajono	1997-kovo-23-savivaldybiu-tarybu,2000-kovo-19-savivaldybiu-tarybu,2002-gruodzio-22-savivaldybiu-tarybu,2019-kovo-3-savivaldybiu-tarybu,2023-kovo-5-savivaldybiu-tarybu-ir-meru
Kaišiadorių rajono savivaldybė	738	kaisiadoriu-rajono	2007-vasario-25-savivaldybiu,2011-vasario-27-savivaldybiu,2015-kovo-1-savivaldybiu
Kalvarijos	668	kalvarijos	2000-kovo-19-savivaldybiu-tarybu,2002-gruodzio-22-savivaldybiu-tarybu,2019-kovo-3-savivaldybiu-tarybu,2023-kovo-5-savivaldybiu-tarybu-ir-meru
Kalvarijos savivaldybė	692	kalvarijos	2007-vasario-25-savivaldybiu,2011-vasario-27-savivaldybiu,2015-kovo-1-savivaldybiu
Kauno miesto	1778	kauno-miesto	1997-kovo-23-savivaldybiu-tarybu,2000-kovo-19-savivaldybiu-tarybu,2002-gruodzio-22-savivaldybiu-tarybu,2019-kovo-3-savivaldybiu-tarybu,2023-kovo-5-savivaldybiu-tarybu-ir-meru
Kauno miesto savivaldybė	1758	kauno-miesto	2007-vasario-25-savivaldybiu,2011-vasario-27-savivaldybiu,2015-kovo-1-savivaldybiu
Kauno rajono	914	kauno-rajono	1997-kovo-23-savivaldybiu-tarybu,2000-kovo-19-savivaldybiu-tarybu,2002-gruodzio-22-savivaldybiu-tarybu,2019-kovo-3-savivaldybiu-tarybu,2023-kovo-5-savivaldybiu-tarybu-ir-meru
Kauno rajono savivaldybė	817	kauno-rajono	2007-vasario-25-savivaldybiu,2011-vasario-27-savivaldybiu,2015-kovo-1-savivaldybiu
Kazlų Rūdos	486	kazlu-rudos	2000-kovo-19-savivaldybiu-tarybu,2002-gruodzio-22-savivaldybiu-tarybu,2019-kovo-3-savivaldybiu-tarybu,2023-kovo-5-savivaldybiu-tarybu-ir-meru
Kazlų Rūdos savivaldybė	474	kazlu-rudos	2007-vasario-25-savivaldybiu,2011-vasario-27-savivaldybiu,2015-kovo-1-savivaldybiu
Kelmės rajono	922	kelmes-rajono	1997-kovo-23-savivaldybiu-tarybu,2000-kovo-19-savivaldybiu-tarybu,2002-gruodzio-22-savivaldybiu-tarybu,2019-kovo-3-savivaldybiu-tarybu,2023-kovo-5-savivaldybiu-tarybu-ir-meru
Kelmės rajono (18)	8	kelmes-rajono	2021-spalio-10-meru
Kelmės rajono savivaldybė	635	kelmes-rajono	2007-vasario-25-savivaldybiu,2011-vasario-27-savivaldybiu,2015-kovo-1-savivaldybiu
Klaipėdos miesto	1387	klaipedos-miesto	1997-kovo-23-savivaldybiu-tarybu,2000-kovo-19-savivaldybiu-tarybu,2002-gruodzio-22-savivaldybiu-tarybu,2019-kovo-3-savivaldybiu-tarybu,2023-kovo-5-savivaldybiu-tarybu-ir-meru
Klaipėdos miesto savivaldybė	1141	klaipedos-miesto	2007-vasario-25-savivaldybiu,2011-vasario-27-savivaldybiu,2015-kovo-1-savivaldybiu
Klaipėdos rajono	1076	klaipedos-rajono	1997-kovo-23-savivaldybiu-tarybu,2000-kovo-19-savivaldybiu-tarybu,2002-gruodzio-22-savivaldybiu-tarybu,2019-kovo-3-savivaldybiu-tarybu,2023-kovo-5-savivaldybiu-tarybu-ir-meru
Klaipėdos rajono savivaldybė	855	klaipedos-rajono	2007-vasario-25-savivaldybiu,2011-vasario-27-savivaldybiu,2015-kovo-1-savivaldybiu
Kretingos rajono	798	kretingos-rajono	1997-kovo-23-savivaldybiu-tarybu,2000-kovo-19-savivaldybiu-tarybu,2002-gruodzio-22-savivaldybiu-tarybu,2019-kovo-3-savivaldybiu-tarybu,2023-kovo-5-savivaldybiu-tarybu-ir-meru
Kretingos rajono savivaldybė	654	kretingos-rajono	2007-vasario-25-savivaldybiu,2011-vasario-27-savivaldybiu,2015-kovo-1-savivaldybiu
Kupiškio rajono	694	kupiskio-rajono	1997-kovo-23-savivaldybiu-tarybu,2000-kovo-19-savivaldybiu-tarybu,2002-gruodzio-22-savivaldybiu-tarybu,2019-kovo-3-savivaldybiu-tarybu,2023-kovo-5-savivaldybiu-tarybu-ir-meru
Kupiškio rajono (23)	5	kupiskio-rajono	2023-spalio-8-kupiskio-mero
Kupiškio rajono savivaldybė	631	kupiskio-rajono	2007-vasario-25-savivaldybiu,2011-vasario-27-savivaldybiu,2015-kovo-1-savivaldybiu
Kėdainių rajono	794	kedainiu-rajono	1997-kovo-23-savivaldybiu-tarybu,2000-kovo-19-savivaldybiu-tarybu,2002-gruodzio-22-savivaldybiu-tarybu,2019-kovo-3-savivaldybiu-tarybu,2023-kovo-5-savivaldybiu-tarybu-ir-meru
Kėdainių rajono savivaldybė	518	kedainiu-rajono	2007-vasario-25-savivaldybiu,2011-vasario-27-savivaldybiu,2015-kovo-1-savivaldybiu
Lazdijų rajono	817	lazdiju-rajono	1997-kovo-23-savivaldybiu-tarybu,2000-kovo-19-savivaldybiu-tarybu,2002-gruodzio-22-savivaldybiu-tarybu,2019-kovo-3-savivaldybiu-tarybu,2023-kovo-5-savivaldybiu-tarybu-ir-meru
Lazdijų rajono savivaldybė	641	lazdiju-rajono	2007-vasario-25-savivaldybiu,2011-vasario-27-savivaldybiu,2015-kovo-1-savivaldybiu
Marijampolės	940	marijampoles	2000-kovo-19-savivaldybiu-tarybu,2002-gruodzio-22-savivaldybiu-tarybu,2019-kovo-3-savivaldybiu-tarybu,2023-kovo-5-savivaldybiu-tarybu-ir-meru
Marijampolės (25)	8	marijampoles	2017-rugsejo-10-marijampoles-mero
Marijampolės miesto	126	marijampoles-miesto	1997-kovo-23-savivaldybiu-tarybu
Marijampolės rajono	121	marijampoles-rajono	1997-kovo-23-savivaldybiu-tarybu
Marijampolės savivaldybė	878	marijampoles	2007-vasario-25-savivaldybiu,2011-vasario-27-savivaldybiu,2015-kovo-1-savivaldybiu
Mažeikių rajono	986	mazeikiu-rajono	1997-kovo-23-savivaldybiu-tarybu,2000-kovo-19-savivaldybiu-tarybu,2002-gruodzio-22-savivaldybiu-tarybu,2019-kovo-3-savivaldybiu-tarybu,2023-kovo-5-savivaldybiu-tarybu-ir-meru
Mažeikių rajono savivaldybė	890	mazeikiu-rajono	2007-vasario-25-savivaldybiu,2011-vasario-27-savivaldybiu,2015-kovo-1-savivaldybiu
Molėtų rajono	721	moletu-rajono	1997-kovo-23-savivaldybiu-tarybu,2000-kovo-19-savivaldybiu-tarybu,2002-gruodzio-22-savivaldybiu-tarybu,2019-kovo-3-savivaldybiu-tarybu,2023-kovo-5-savivaldybiu-tarybu-ir-meru
Molėtų rajono savivaldybė	542	moletu-rajono	2007-vasario-25-savivaldybiu,2011-vasario-27-savivaldybiu,2015-kovo-1-savivaldybiu
Neringos	240	neringos	2002-gruodzio-22-savivaldybiu-tarybu,2019-kovo-3-savivaldybiu-tarybu,2023-kovo-5-savivaldybiu-tarybu-ir-meru
Neringos miesto	163	neringos	1997-kovo-23-savivaldybiu-tarybu,2000-kovo-19-savivaldybiu-tarybu
Neringos savivaldybė	359	neringos	2007-vasario-25-savivaldybiu,2011-vasario-27-savivaldybiu,2015-kovo-1-savivaldybiu
Pagėgių	676	pagegiu	2000-kovo-19-savivaldybiu-tarybu,2002-gruodzio-22-savivaldybiu-tarybu,2019-kovo-3-savivaldybiu-tarybu,2023-kovo-5-savivaldybiu-tarybu-ir-meru
Pagėgių savivaldybė	504	pagegiu	2007-vasario-25-savivaldybiu,2011-vasario-27-savivaldybiu,2015-kovo-1-savivaldybiu
Pakruojo rajono	854	pakruojo-rajono	1997-kovo-23-savivaldybiu-tarybu,2000-kovo-19-savivaldybiu-tarybu,2002-gruodzio-22-savivaldybiu-tarybu,2019-kovo-3-savivaldybiu-tarybu,2023-kovo-5-savivaldybiu-tarybu-ir-meru
Pakruojo rajono savivaldybė	608	pakruojo-rajono	2007-vasario-25-savivaldybiu,2011-vasario-27-savivaldybiu,2015-kovo-1-savivaldybiu
Palangos miesto	712	palangos-miesto	1997-kovo-23-savivaldybiu-tarybu,2000-kovo-19-savivaldybiu-tarybu,2002-gruodzio-22-savivaldybiu-tarybu,2019-kovo-3-savivaldybiu-tarybu,2023-kovo-5-savivaldybiu-tarybu-ir-meru
Palangos miesto savivaldybė	379	palangos-miesto	2007-vasario-25-savivaldybiu,2015-kovo-1-savivaldybiu
Palangos savivaldybė	265	palangos-miesto	2011-vasario-27-savivaldybiu
Panevėžio miesto	981	panevezio-miesto	1997-kovo-23-savivaldybiu-tarybu,2000-kovo-19-savivaldybiu-tarybu,2002-gruodzio-22-savivaldybiu-tarybu,2019-kovo-3-savivaldybiu-tarybu,2023-kovo-5-savivaldybiu-tarybu-ir-meru
Panevėžio miesto (32)	6	panevezio-miesto	2025-kovo-16-meru
Panevėžio miesto savivaldybė	830	panevezio-miesto	2007-vasario-25-savivaldybiu,2011-vasario-27-savivaldybiu,2015-kovo-1-savivaldybiu
Panevėžio rajono	677	panevezio-rajono	1997-kovo-23-savivaldybiu-tarybu,2000-kovo-19-savivaldybiu-tarybu,2002-gruodzio-22-savivaldybiu-tarybu,2019-kovo-3-savivaldybiu-tarybu,2023-kovo-5-savivaldybiu-tarybu-ir-meru
Panevėžio rajono savivaldybė	571	panevezio-rajono	2007-vasario-25-savivaldybiu,2011-vasario-27-savivaldybiu,2015-kovo-1-savivaldybiu
Pasvalio rajono	761	pasvalio-rajono	1997-kovo-23-savivaldybiu-tarybu,2000-kovo-19-savivaldybiu-tarybu,2002-gruodzio-22-savivaldybiu-tarybu,2019-kovo-3-savivaldybiu-tarybu,2023-kovo-5-savivaldybiu-tarybu-ir-meru
Pasvalio rajono savivaldybė	576	pasvalio-rajono	2007-vasario-25-savivaldybiu,2011-vasario-27-savivaldybiu,2015-kovo-1-savivaldybiu
Plungės rajono	817	plunges-rajono	1997-kovo-23-savivaldybiu-tarybu,2000-kovo-19-savivaldybiu-tarybu,2002-gruodzio-22-savivaldybiu-tarybu,2019-kovo-3-savivaldybiu-tarybu,2023-kovo-5-savivaldybiu-tarybu-ir-meru
Plungės rajono savivaldybė	710	plunges-rajono	2007-vasario-25-savivaldybiu,2011-vasario-27-savivaldybiu,2015-kovo-1-savivaldybiu
Prienų rajono	975	prienu-rajono	1997-kovo-23-savivaldybiu-tarybu,2000-kovo-19-savivaldybiu-tarybu,2002-gruodzio-22-savivaldybiu-tarybu,2019-kovo-3-savivaldybiu-tarybu,2023-kovo-5-savivaldybiu-tarybu-ir-meru
Prienų rajono savivaldybė	942	prienu-rajono	2007-vasario-25-savivaldybiu,2011-vasario-27-savivaldybiu,2015-kovo-1-savivaldybiu
Radviliškio rajono	917	radviliskio-rajono	1997-kovo-23-savivaldybiu-tarybu,2000-kovo-19-savivaldybiu-tarybu,2002-gruodzio-22-savivaldybiu-tarybu,2019-kovo-3-savivaldybiu-tarybu,2023-kovo-5-savivaldybiu-tarybu-ir-meru
Radviliškio rajono (37)	7	radviliskio-rajono	2021-balandzio-11-radviliskio-mero
Radviliškio rajono savivaldybė	745	radviliskio-rajono	2007-vasario-25-savivaldybiu,2011-vasario-27-savivaldybiu,2015-kovo-1-savivaldybiu
Raseinių rajono	1097	raseiniu-rajono	1997-kovo-23-savivaldybiu-tarybu,2000-kovo-19-savivaldybiu-tarybu,2002-gruodzio-22-savivaldybiu-tarybu,2019-kovo-3-savivaldybiu-tarybu,2023-kovo-5-savivaldybiu-tarybu-ir-meru
Raseinių rajono savivaldybė	864	raseiniu-rajono	2007-vasario-25-savivaldybiu,2011-vasario-27-savivaldybiu,2015-kovo-1-savivaldybiu
Rietavo	406	rietavo	2000-kovo-19-savivaldybiu-tarybu,2002-gruodzio-22-savivaldybiu-tarybu,2019-kovo-3-savivaldybiu-tarybu,2023-kovo-5-savivaldybiu-tarybu-ir-meru
Rietavo savivaldybė	375	rietavo	2007-vasario-25-savivaldybiu,2011-vasario-27-savivaldybiu,2015-kovo-1-savivaldybiu
Rokiškio rajono	859	rokiskio-rajono	1997-kovo-23-savivaldybiu-tarybu,2000-kovo-19-savivaldybiu-tarybu,2002-gruodzio-22-savivaldybiu-tarybu,2019-kovo-3-savivaldybiu-tarybu,2023-kovo-5-savivaldybiu-tarybu-ir-meru
Rokiškio rajono savivaldybė	726	rokiskio-rajono	2007-vasario-25-savivaldybiu,2011-vasario-27-savivaldybiu,2015-kovo-1-savivaldybiu
Skuodo rajono	618	skuodo-rajono	1997-kovo-23-savivaldybiu-tarybu,2000-kovo-19-savivaldybiu-tarybu,2002-gruodzio-22-savivaldybiu-tarybu,2019-kovo-3-savivaldybiu-tarybu,2023-kovo-5-savivaldybiu-tarybu-ir-meru
Skuodo rajono savivaldybė	444	skuodo-rajono	2007-vasario-25-savivaldybiu,2011-vasario-27-savivaldybiu,2015-kovo-1-savivaldybiu
Tauragės rajono	1024	taurages-rajono	1997-kovo-23-savivaldybiu-tarybu,2000-kovo-19-savivaldybiu-tarybu,2002-gruodzio-22-savivaldybiu-tarybu,2019-kovo-3-savivaldybiu-tarybu,2023-kovo-5-savivaldybiu-tarybu-ir-meru
Tauragės rajono savivaldybė	818	taurages-rajono	2007-vasario-25-savivaldybiu,2011-vasario-27-savivaldybiu,2015-kovo-1-savivaldybiu
Telšių rajono	865	telsiu-rajono	1997-kovo-23-savivaldybiu-tarybu,2000-kovo-19-savivaldybiu-tarybu,2002-gruodzio-22-savivaldybiu-tarybu,2019-kovo-3-savivaldybiu-tarybu,2023-kovo-5-savivaldybiu-tarybu-ir-meru
Telšių rajono (Nr. 51)	7	telsiu-rajono	2015-lapkricio-8-telsiu-mero
Telšių rajono savivaldybė	657	telsiu-rajono	2007-vasario-25-savivaldybiu,2011-vasario-27-savivaldybiu,2015-kovo-1-savivaldybiu
Trakų rajono	913	traku-rajono	1997-kovo-23-savivaldybiu-tarybu,2000-kovo-19-savivaldybiu-tarybu,2002-gruodzio-22-savivaldybiu-tarybu,2019-kovo-3-savivaldybiu-tarybu,2023-kovo-5-savivaldybiu-tarybu-ir-meru
Trakų rajono (52)	6	traku-rajono	2021-spalio-10-meru
Trakų rajono savivaldybė	1183	traku-rajono	2007-vasario-25-savivaldybiu,2011-vasario-27-savivaldybiu,2015-birzelio-7-pakartotiniai-sirvintos-trakai,2015-kovo-1-savivaldybiu
Ukmergės rajono	897	ukmerges-rajono	1997-kovo-23-savivaldybiu-tarybu,2000-kovo-19-savivaldybiu-tarybu,2002-gruodzio-22-savivaldybiu-tarybu,2019-kovo-3-savivaldybiu-tarybu,2023-kovo-5-savivaldybiu-tarybu-ir-meru
Ukmergės rajono savivaldybė	726	ukmerges-rajono	2007-vasario-25-savivaldybiu,2011-vasario-27-savivaldybiu,2015-kovo-1-savivaldybiu
Utenos rajono	1190	utenos-rajono	1997-kovo-23-savivaldybiu-tarybu,2000-kovo-19-savivaldybiu-tarybu,2002-gruodzio-22-savivaldybiu-tarybu,2019-kovo-3-savivaldybiu-tarybu,2023-kovo-5-savivaldybiu-tarybu-ir-meru
Utenos rajono savivaldybė	896	utenos-rajono	2007-vasario-25-savivaldybiu,2011-vasario-27-savivaldybiu,2015-kovo-1-savivaldybiu
Varėnos rajono	968	varenos-rajono	1997-kovo-23-savivaldybiu-tarybu,2000-kovo-19-savivaldybiu-tarybu,2002-gruodzio-22-savivaldybiu-tarybu,2019-kovo-3-savivaldybiu-tarybu,2023-kovo-5-savivaldybiu-tarybu-ir-meru
Varėnos rajono savivaldybė	658	varenos-rajono	2007-vasario-25-savivaldybiu,2011-vasario-27-savivaldybiu,2015-kovo-1-savivaldybiu
Vilkaviškio rajono	706	vilkaviskio-rajono	1997-kovo-23-savivaldybiu-tarybu,2000-kovo-19-savivaldybiu-tarybu,2002-gruodzio-22-savivaldybiu-tarybu,2019-kovo-3-savivaldybiu-tarybu,2023-kovo-5-savivaldybiu-tarybu-ir-meru
Vilkaviškio rajono savivaldybė	616	vilkaviskio-rajono	2007-vasario-25-savivaldybiu,2011-vasario-27-savivaldybiu,2015-kovo-1-savivaldybiu
Vilniaus miesto	2943	vilniaus-miesto	1997-kovo-23-savivaldybiu-tarybu,2000-kovo-19-savivaldybiu-tarybu,2002-gruodzio-22-savivaldybiu-tarybu,2019-kovo-3-savivaldybiu-tarybu,2023-kovo-5-savivaldybiu-tarybu-ir-meru
Vilniaus miesto savivaldybė	2463	vilniaus-miesto	2007-vasario-25-savivaldybiu,2011-vasario-27-savivaldybiu,2015-kovo-1-savivaldybiu
Vilniaus rajono	830	vilniaus-rajono	1997-kovo-23-savivaldybiu-tarybu,2000-kovo-19-savivaldybiu-tarybu,2002-gruodzio-22-savivaldybiu-tarybu,2019-kovo-3-savivaldybiu-tarybu,2023-kovo-5-savivaldybiu-tarybu-ir-meru
Vilniaus rajono savivaldybė	593	vilniaus-rajono	2007-vasario-25-savivaldybiu,2011-vasario-27-savivaldybiu,2015-kovo-1-savivaldybiu
Visagino	527	visagino	2019-kovo-3-savivaldybiu-tarybu,2023-kovo-5-savivaldybiu-tarybu-ir-meru
Visagino (59)	2	visagino	2023-geguzes-7-visagino-mero
Visagino miesto	439	visagino	1997-kovo-23-savivaldybiu-tarybu,2000-kovo-19-savivaldybiu-tarybu,2002-gruodzio-22-savivaldybiu-tarybu
Visagino savivaldybė	988	visagino	2007-vasario-25-savivaldybiu,2011-vasario-27-savivaldybiu,2015-kovo-1-savivaldybiu
Zarasų rajono	912	zarasu-rajono	1997-kovo-23-savivaldybiu-tarybu,2000-kovo-19-savivaldybiu-tarybu,2002-gruodzio-22-savivaldybiu-tarybu,2019-kovo-3-savivaldybiu-tarybu,2023-kovo-5-savivaldybiu-tarybu-ir-meru
Zarasų rajono savivaldybė	758	zarasu-rajono	2007-vasario-25-savivaldybiu,2011-vasario-27-savivaldybiu,2015-kovo-1-savivaldybiu
Šakių rajono	675	sakiu-rajono	1997-kovo-23-savivaldybiu-tarybu,2000-kovo-19-savivaldybiu-tarybu,2002-gruodzio-22-savivaldybiu-tarybu,2019-kovo-3-savivaldybiu-tarybu,2023-kovo-5-savivaldybiu-tarybu-ir-meru
Šakių rajono (42)	5	sakiu-rajono	2017-balandzio-23-meru
Šakių rajono savivaldybė	540	sakiu-rajono	2007-vasario-25-savivaldybiu,2011-vasario-27-savivaldybiu,2015-kovo-1-savivaldybiu
Šalčininkų rajono	527	salcininku-rajono	1997-kovo-23-savivaldybiu-tarybu,2000-kovo-19-savivaldybiu-tarybu,2002-gruodzio-22-savivaldybiu-tarybu,2019-kovo-3-savivaldybiu-tarybu,2023-kovo-5-savivaldybiu-tarybu-ir-meru
Šalčininkų rajono savivaldybė	479	salcininku-rajono	2007-vasario-25-savivaldybiu,2011-vasario-27-savivaldybiu,2015-kovo-1-savivaldybiu
Šiaulių miesto	1400	siauliu-miesto	1997-kovo-23-savivaldybiu-tarybu,2000-kovo-19-savivaldybiu-tarybu,2002-gruodzio-22-savivaldybiu-tarybu,2019-kovo-3-savivaldybiu-tarybu,2023-kovo-5-savivaldybiu-tarybu-ir-meru
Šiaulių miesto savivaldybė	1265	siauliu-miesto	2007-vasario-25-savivaldybiu,2011-vasario-27-savivaldybiu,2015-kovo-1-savivaldybiu
Šiaulių rajono	773	siauliu-rajono	1997-kovo-23-savivaldybiu-tarybu,2000-kovo-19-savivaldybiu-tarybu,2002-gruodzio-22-savivaldybiu-tarybu,2019-kovo-3-savivaldybiu-tarybu,2023-kovo-5-savivaldybiu-tarybu-ir-meru
Šiaulių rajono savivaldybė	698	siauliu-rajono	2007-vasario-25-savivaldybiu,2011-vasario-27-savivaldybiu,2015-kovo-1-savivaldybiu
Šilalės rajono	1090	silales-rajono	1997-kovo-23-savivaldybiu-tarybu,2000-kovo-19-savivaldybiu-tarybu,2002-gruodzio-22-savivaldybiu-tarybu,2019-kovo-3-savivaldybiu-tarybu,2023-kovo-5-savivaldybiu-tarybu-ir-meru
Šilalės rajono savivaldybė	943	silales-rajono	2007-vasario-25-savivaldybiu,2011-vasario-27-savivaldybiu,2015-kovo-1-savivaldybiu
Šilutės rajono	1131	silutes-rajono	1997-kovo-23-savivaldybiu-tarybu,2000-kovo-19-savivaldybiu-tarybu,2002-gruodzio-22-savivaldybiu-tarybu,2019-kovo-3-savivaldybiu-tarybu,2023-kovo-5-savivaldybiu-tarybu-ir-meru
Šilutės rajono savivaldybė	1207	silutes-rajono	2007-vasario-25-savivaldybiu,2011-vasario-27-savivaldybiu,2015-birzelio-21-pakartotiniai-silutes,2015-kovo-1-savivaldybiu
Širvintų rajono	624	sirvintu-rajono	1997-kovo-23-savivaldybiu-tarybu,2000-kovo-19-savivaldybiu-tarybu,2002-gruodzio-22-savivaldybiu-tarybu,2019-kovo-3-savivaldybiu-tarybu,2023-kovo-5-savivaldybiu-tarybu-ir-meru
Širvintų rajono savivaldybė	635	sirvintu-rajono	2007-vasario-25-savivaldybiu,2011-vasario-27-savivaldybiu,2015-birzelio-7-pakartotiniai-sirvintos-trakai,2015-kovo-1-savivaldybiu
Švenčionių rajono	910	svencioniu-rajono	1997-birzelio-29-svenciniu-tarybos-pakartotiniai,1997-kovo-23-savivaldybiu-tarybu,2000-kovo-19-savivaldybiu-tarybu,2002-gruodzio-22-savivaldybiu-tarybu,2019-kovo-3-savivaldybiu-tarybu,2023-kovo-5-savivaldybiu-tarybu-ir-meru
Švenčionių rajono savivaldybė	776	svencioniu-rajono	2007-vasario-25-savivaldybiu,2011-vasario-27-savivaldybiu,2015-kovo-1-savivaldybiu
