form	records	partija-id	tipas
Lietuvos socialdemokratų partija	15270	lsdp	partija
Darbo partija	7322	darbo-partija	partija
Lietuvos Respublikos liberalų sąjūdis	6085	lrls	partija
Lietuvos valstiečių ir žaliųjų sąjunga	5535	lvzs	partija
Naujoji sąjunga (socialliberalai)	5418	naujoji-sajunga	partija
Partija Tvarka ir teisingumas	4990	tvarka-ir-teisingumas	partija
Tėvynės sąjunga - Lietuvos krikščionys demokratai	4383	ts-lkd	partija
Tėvynės sąjunga (Lietuvos konservatoriai)	3603	tevynes-sajunga	partija
Liberalų ir centro sąjunga	3395	liberalu-ir-centro-sajunga	partija
Lietuvos centro sąjunga	2992	lietuvos-centro-sajunga	partija
Lietuvos liberalų sąjunga	2457	lietuvos-liberalu-sajunga	partija
Lietuvos valstiečių liaudininkų sąjunga	2406	lvzs	partija
Lietuvos krikščionių demokratų partija	1918	lkdp	partija
Tėvynės sąjunga – Lietuvos krikščionys demokratai	1876	ts-lkd	partija
Tėvynės sąjunga-Lietuvos krikščionys demokratai	1875	ts-lkd	partija
Lietuvos krikščionys demokratai	1804	lkd	partija
Lietuvos demokratinė darbo partija	1766	lddp	partija
Tėvynės sąjunga (konservatoriai, politiniai kaliniai ir tremtiniai, krikščioniškieji demokratai)	1651	tevynes-sajunga	partija
Demokratų sąjunga „Vardan Lietuvos“	1538	vardan-lietuvos	partija
Lietuvos laisvės sąjunga (liberalai)	1487	lietuvos-laisves-sajunga-liberalai	partija
Lietuvos lenkų rinkimų akcija	1425	llra-kss	partija
Liberalų sąjūdis	1400	lrls	partija
Lietuvos centro partija	1184	lietuvos-centro-partija	partija
Partija Tvarka ir teisingumas (liberalai demokratai)	1082	tvarka-ir-teisingumas	partija
Valstiečių ir Naujosios demokratijos partijų sąjunga	1076	lvzs	partija
Lietuvos regionų partija	1019	lietuvos-regionu-partija	partija
Lietuvos valstiečių partija	958	lietuvos-valstieciu-partija	partija
Liberalų demokratų partija	932	tvarka-ir-teisingumas	partija
Lietuvos žaliųjų partija	916	lietuvos-zaliuju-partija	partija
Krikščionių partija	912	krikscioniu-partija	partija
Lietuvos liaudies partija	829	lietuvos-liaudies-partija	partija
Partija „Laisvė ir teisingumas“	819	laisve-ir-teisingumas	partija
Lietuvos socialdemokratų darbo partija	749	lietuvos-regionu-partija	partija
Lietuvių tautininkų sąjunga	727	lietuviu-tautininku-sajunga	partija
Lietuvos lenkų rinkimų akcija-Krikščioniškų šeimų sąjunga	693	llra-kss	partija
Lietuvos politinių kalinių ir tremtinių sąjunga	644	lpkts	partija
Pilietinės demokratijos partija	533	pilietines-demokratijos-partija	partija
Laisvės partija	512	laisves-partija	partija
Naujoji demokratija/ Moterų partija	472	naujosios-demokratijos-partija	partija
Tautos ir teisingumo sąjunga (centristai, tautininkai)	450	tautos-ir-teisingumo-sajunga	partija
Lietuvos partija "Socialdemokratija 2000"	444	lietuvos-socialdemokratu-sajunga	partija
Lietuvos socialdemokratų sąjunga	435	lietuvos-socialdemokratu-sajunga	partija
Lenkų rinkimų akcijos ir Rusų aljanso koalicija „Valdemaro Tomaševskio blokas“	414	koalicija-lenku-rinkimu-akcijos-ir-rusu-aljanso-koalicija-valdemaro-tomasevskio-blokas	koalicija
Lietuvos rusų sąjunga	397	lietuvos-rusu-sajunga	partija
Lietuvos laisvės sąjunga	336	lietuvos-laisves-sajunga	partija
Lenkų rinkimų akcijos ir Rusų aljanso koalicija „Krikščioniškų šeimų sąjunga“	324	koalicija-lenku-rinkimu-akcijos-ir-rusu-aljanso-koalicija-krikscionisku-seimu-sajunga	koalicija
Lietuvos valstiečių partijos ir Krikščionių demokratų sąjungos koalicija	322	koalicija-lietuvos-valstieciu-partijos-ir-krikscioniu-demokratu-sajungos-koalicija	koalicija
Respublikonų partija	321	respublikonu-partija	partija
Lenkų rinkimų akcijos ir Rusų Aljanso koalicija "Valdemaro Tomaševskio blokas"	301	koalicija-lenku-rinkimu-akcijos-ir-rusu-aljanso-koalicija-valdemaro-tomasevskio-blokas	koalicija
Nuosaikiųjų konservatorių sąjunga	277	krikscioniu-partija	partija
Žemaičių partija	271	zemaiciu-partija	partija
Krikščionių sąjunga	268	krikscioniu-sajunga	partija
„Drąsos kelias“ politinė partija	243	drasos-kelias	partija
Tėvynės liaudies partija	238	tevynes-liaudies-partija	partija
Nacionalinis susivienijimas	236	nacionalinis-susivienijimas	partija
Partija "Jaunoji Lietuva"	224	jaunoji-lietuva	partija
Išsikėlė pats	213	issikele-pats	issikelimas
Lietuvos demokratų partija	206	lietuvos-demokratu-partija	partija
Socialistinis liaudies Frontas	198	socialistinis-liaudies-frontas	partija
Lietuvos ūkio partija	195	lietuvos-ukio-partija	partija
Tautos prisikėlimo partija	180	tautos-prisikelimo-partija	partija
Tautos pažangos partija	167	tautos-pazangos-partija	partija
Partija „Jaunoji Lietuva“	162	jaunoji-lietuva	partija
Lietuvos liaudies sąjunga "Už teisingą Lietuvą"	159	lietuvos-liaudies-sajunga	partija
Išsikėlęs kandidatas	156	issikele-pats	issikelimas
Politinė partija „Sąjunga Taip“	144	sajunga-taip	partija
Krikščionių demokratų sąjunga	143	krikscioniu-demokratu-sajunga	partija
Lietuvos lenkų rinkimų akcija - Krikščioniškų šeimų sąjunga	143	llra-kss	partija
Tėvynės Sąjungos (Lietuvos konservatoriai) ir Lietuvos politinių kalinių ir tremtinių sąjungos koalicija	130	koalicija-tevynes-sajungos-lietuvos-konservatoriai-ir-lietuvos-politiniu-kaliniu-ir-tremtiniu-sajungos-koalicija	koalicija
Krikščionių konservatorių socialinė sąjunga	128	krikscioniu-partija	partija
Lietuvos pensininkų partija	125	lietuvos-pensininku-partija	partija
Visuomeninis rinkimų komitetas „Valerijaus Simulik judėjimas „Už Šiaulius“	124	komitetas-valerijaus-simulik-judejimas-uz-siaulius	komitetas
Lietuvių nacionalinė partija - "Jaunoji Lietuva"	121	jaunoji-lietuva	partija
Visuomeninis rinkimų komitetas „Už žmonių valdžią“	120	komitetas-uz-zmoniu-valdzia	komitetas
Tautininkų sąjunga	119	tautininku-sajunga	partija
Lietuvos nacionaldemokratų partija	113	lietuvos-nacionaldemokratu-partija	partija
Politinė partija „Lietuvos sąrašas“	112	lietuvos-sarasas	partija
A.Brazausko socialdemokratinė koalicija	110	koalicija-a-brazausko-socialdemokratine-koalicija	koalicija
Politinė partija „Nemuno Aušra“	110	nemuno-ausra	partija
Lietuvos krikščioniškosios demokratijos partija	102	lietuvos-krikscioniskosios-demokratijos-partija	partija
A. Zuoko ir vilniečių koalicija „Laimingas Vilnius“	100	koalicija-a-zuoko-ir-vilnieciu-koalicija-laimingas-vilnius	koalicija
Lietuvos lenkų liaudies partija	100	lietuvos-lenku-liaudies-partija	partija
Visuomeninis rinkimų komitetas „Už Alytų“	100	komitetas-uz-alytu	komitetas
Demokratinė darbo ir vienybės partija	95	demokratine-darbo-ir-vienybes-partija	partija
Centro partija - tautininkai	94	lietuvos-centro-partija	partija
Centro dešinės koalicija	92	koalicija-centro-desines-koalicija	koalicija
"Fronto" partija	88	fronto-partija	partija
Tautinė partija Lietuvos kelias	85	lietuvos-kelias	partija
Visuomeninis rinkimų komitetas „Vieningas Kaunas“	85	komitetas-vieningas-kaunas	komitetas
Lietuvos dešiniųjų sąjunga	81	lietuvos-desiniuju-sajunga	partija
„STIPRI ŠEIMA – STIPRUS KAUNAS“ Krikščionių sąjungos ir Tautos ir teisingumo sąjungos (centristų, tautininkų) koalicija	80	koalicija-stipri-seima-stiprus-kaunas-krikscioniu-sajungos-ir-tautos-ir-teisingumo-sajungos-centristu-tautininku-koalicija	koalicija
Lietuvių nacionalinės partijos ir "Jaunosios Lietuvos" sąjunga	79	jaunoji-lietuva	partija
Taikos koalicija (Darbo partija, Lietuvos krikščioniškosios demokratijos partija, Žemaičių partija)	79	koalicija-taikos-koalicija-darbo-partija-lietuvos-krikscioniskosios-demokratijos-partija-zemaiciu-partija	koalicija
A.Zuoko koalicija "Už Vilnių, kuriame gera visiems" Liberalai ir modernieji krikščionys demokratai	77	koalicija-a-zuoko-koalicija-uz-vilniu-kuriame-gera-visiems-liberalai-ir-modernieji-krikscionys-demokratai	koalicija
Visuomeninis rinkimų komitetas „Švari savivalda“	77	komitetas-svari-savivalda	komitetas
Lietuvos piliečių aljansas	74	lietuvos-pilieciu-aljansas	partija
A.Brazausko ir A.Paulausko koalicija "Už darbą Lietuvai"	73	koalicija-a-brazausko-ir-a-paulausko-koalicija-uz-darba-lietuvai	koalicija
Nacionalinis susivienijimas „Už Lietuvą Lietuvoje“ (Lietuvos centro partijos, Lietuvos socialdemokratų sąjungos, Tautininkų sąjungos ir Tautos vienybės sąjungos koalicija)	72	koalicija-nacionalinis-susivienijimas-uz-lietuva-lietuvoje-lietuvos-centro-partijos-lietuvos-socialdemokratu-sajungos-tautininku-sajungos-ir-tautos-vienybes-sajungos-koalicija	koalicija
Koalicija "Už Neringos ateitį"	67	koalicija-uz-neringos-ateiti	koalicija
Visuomeninis rinkimų komitetas „Visaginas – tai mes“	67	komitetas-visaginas-tai-mes	komitetas
Rolando Pakso koalicija "Už tvarką ir teisingumą"	66	koalicija-rolando-pakso-koalicija-uz-tvarka-ir-teisinguma	koalicija
Visuomeninis rinkimų komitetas „Nepartinė Tauragė“	66	komitetas-nepartine-taurage	komitetas
Visuomeninis rinkimų komitetas „R. Šimašiaus komanda „Už Vilnių, kuriuo didžiuojamės!“	66	komitetas-r-simasiaus-komanda-uz-vilniu-kuriuo-didziuojames	komitetas
Lietuvos lenkų rinkimų akcija – Krikščioniškų šeimų sąjunga	63	llra-kss	partija
Visuomeninis rinkimų komitetas „Artūro Visocko sąrašas „Dirbame miestui“	62	komitetas-arturo-visocko-sarasas-dirbame-miestui	komitetas
Koalicija Darbo partija + jaunimas	61	koalicija-darbo-partija-jaunimas	koalicija
Politinis komitetas Nepartinis sąrašas „Dirbame miestui“	61	komitetas-arturo-visocko-sarasas-dirbame-miestui	komitetas
Centro dešinės koalicija (Tėvynės sąjunga-Lietuvos krikščionys demokratai, Liberalų sąjūdis, Laisvės partija)	59	koalicija-centro-desines-koalicija	koalicija
Lietuvos žmonių partija	59	lietuvos-zmoniu-partija	partija
Politinė partija "Profesinių sąjungų centras"	59	profesiniu-sajungu-centras	partija
Visuomeninis rinkimų komitetas „Artūro Visocko nepartinis sąrašas“	58	komitetas-arturo-visocko-sarasas-dirbame-miestui	komitetas
Visuomeninis rinkimų komitetas „Vieninga Plungė“	58	komitetas-vieninga-plunge	komitetas
Tėvynės sąjungos (Lietuvos konservatorių) ir Lietuvos politinių kalinių ir tremtinių sąjungos koalicija "Šilutės kraštas"	55	koalicija-tevynes-sajungos-lietuvos-konservatoriu-ir-lietuvos-politiniu-kaliniu-ir-tremtiniu-sajungos-koalicija-silutes-krastas	koalicija
S. Buškevičiaus ir Tautininkų koalicija „Prieš korupciją ir skurdą“ (Partija „Jaunoji Lietuva“, Tautininkų sąjunga)	54	koalicija-s-buskeviciaus-ir-tautininku-koalicija-pries-korupcija-ir-skurda-partija-jaunoji-lietuva-tautininku-sajunga	koalicija
Visuomeninis rinkimų komitetas „Kuriam kartu“	54	komitetas-kuriam-kartu	komitetas
"Jaunosios Lietuvos", naujųjų tautininkų ir politinių kalinių sąjunga	52	jaunoji-lietuva	partija
Lietuvių tautininkų ir Lietuvos demokratų partijos koalicija	52	koalicija-lietuviu-tautininku-ir-lietuvos-demokratu-partijos-koalicija	koalicija
Artūro Zuoko ir Vilniaus koalicija	51	koalicija-arturo-zuoko-ir-vilniaus-koalicija	koalicija
Pašaukti tarnauti Jums (Lietuvos valstiečių liaudininkų sąjungos ir Lietuvos centro partijos koalicija)	51	koalicija-pasaukti-tarnauti-jums-lietuvos-valstieciu-liaudininku-sajungos-ir-lietuvos-centro-partijos-koalicija	koalicija
Biržų atgimimas	50	birzu-atgimimas	partija
Lietuvos valstiečių liaudininkų ir krikščionių demokratų koalicija	50	koalicija-lietuvos-valstieciu-liaudininku-ir-krikscioniu-demokratu-koalicija	koalicija
Nepartinių kandidatų koalicija "Vilnius - mūsų reikalas"	50	koalicija-nepartiniu-kandidatu-koalicija-vilnius-musu-reikalas	koalicija
Politinis komitetas „Drauge su Jumis“	50	komitetas-drauge-su-jumis	komitetas
Politinis komitetas „Kartu už Utenos kraštą“	50	komitetas-kartu-uz-utenos-krasta	komitetas
Politinis komitetas „Už Druskininkus“	50	komitetas-uz-druskininkus	komitetas
Politinis komitetas „Vardan Šilalės krašto“	50	komitetas-vardan-silales-krasto	komitetas
Visuomeninis rinkimų komitetas „A. Margelio komanda „Pirmyn!“	50	komitetas-a-margelio-komanda-pirmyn	komitetas
Visuomeninis rinkimų komitetas „Algio Kašėtos sąrašas „Drauge su Jumis“	50	komitetas-drauge-su-jumis	komitetas
Visuomeninis rinkimų komitetas „Centro judėjimas už Šilalės kraštą“	50	komitetas-centro-judejimas-uz-silales-krasta	komitetas
Visuomeninis rinkimų komitetas „Klaipėdos rajono žemaičiai“	50	komitetas-klaipedos-rajono-zemaiciai	komitetas
Visuomeninis rinkimų komitetas „Pilietiškas pasirinkimas“	50	komitetas-pilietiskas-pasirinkimas	komitetas
Visuomeninis rinkimų komitetas „Šilališkiai“	50	komitetas-silaliskiai	komitetas
Visuomeninis rinkimų komitetas „Žinau ir galiu – Česlovas Daugėla“	50	komitetas-zinau-ir-galiu-ceslovas-daugela	komitetas
Šilalės centristai	50	silales-centristai	partija
„Šilališkių“ visuomeninis rinkimų komitetas	50	komitetas-silaliskiai	komitetas
Moderniųjų krikščionių demokratų sąjunga	49	moderniuju-krikscioniu-demokratu-sajunga	partija
Tėvynės Sąjungos (LK) ir Lietuvos politinių kalinių ir tremtinių sąjungos koalicija	49	koalicija-tevynes-sajungos-lietuvos-konservatoriai-ir-lietuvos-politiniu-kaliniu-ir-tremtiniu-sajungos-koalicija	koalicija
Visuomeninis rinkimų komitetas „Kęstučio Tubio sąrašas „Anykščių krašto labui“	49	komitetas-kestucio-tubio-sarasas-anyksciu-krasto-labui	komitetas
Koalicija „Geriausias pasirinkimas“ (Partija „Laisvė ir teisingumas“, Laisvės partija, Liberalų sąjūdis)	48	koalicija-geriausias-pasirinkimas-partija-laisve-ir-teisingumas-laisves-partija-liberalu-sajudis	koalicija
Partija LIETUVA – VISŲ	48	lietuva-visu	partija
Visuomeninis rinkimų komitetas „Už Rasus“	48	komitetas-uz-rasus	komitetas
Koalicija "Teisingas sprendimas"	47	koalicija-teisingas-sprendimas	koalicija
Rokiškio krašto koalicija UŽ LAISVĘ AUGTI	47	koalicija-rokiskio-krasto-koalicija-uz-laisve-augti	koalicija
Valiaus Kazlausko koalicija „UŽ LAISVĘ AUGTI“	47	koalicija-rokiskio-krasto-koalicija-uz-laisve-augti	koalicija
Visuomeninis rinkimų komitetas „Kaunas plius Puteikis“	47	komitetas-kaunas-plius-puteikis	komitetas
Visuomeninis rinkimų komitetas „Renkuosi ateitį“	47	komitetas-renkuosi-ateiti	komitetas
Nacionalinė centro partija	46	lietuvos-centro-partija	partija
Tėvynės sąjungos (Lietuvos konservatorių) ir Lietuvos politinių kalinių ir tremtinių sąjungos koalicija	46	koalicija-tevynes-sajungos-lietuvos-konservatoriai-ir-lietuvos-politiniu-kaliniu-ir-tremtiniu-sajungos-koalicija	koalicija
"Jaunosios Lietuvos" ir naujųjų tautininkų sąjunga	45	jaunoji-lietuva	partija
Tavo balsas už Jurbarko kraštą	45	tavo-balsas-uz-jurbarko-krasta	partija
VYTO JARECKO koalicija „VIENINGI BIRŽAI“ (Lietuvos valstiečių ir žaliųjų sąjunga, Lietuvos Respublikos liberalų sąjūdis)	45	koalicija-vyto-jarecko-koalicija-vieningi-birzai-lietuvos-valstieciu-ir-zaliuju-sajunga-lietuvos-respublikos-liberalu-sajudis	koalicija
Visuomeninis rinkimų komitetas „Kartu už Utenos kraštą“	45	komitetas-kartu-uz-utenos-krasta	komitetas
Politinė partija Rusų aljansas	44	rusu-aljansas	partija
STIPRI UTENA	44	stipri-utena	partija
Vieningas Kaunas	44	vieningas-kaunas	partija
Visuomeninis rinkimų komitetas „Kitaip“	44	komitetas-kitaip	komitetas
Visuomeninis rinkimų komitetas „Už Druskininkus su Ričardu Malinausku“	44	komitetas-uz-druskininkus	komitetas
Lietuvos moterų partija	43	naujosios-demokratijos-partija	partija
Lietuvos socialistų partija	43	lietuvos-socialistu-partija	partija
Visuomeninis rinkimų komitetas „Bendruomeniškas Vilnius“	43	komitetas-bendruomeniskas-vilnius	komitetas
Koalicija "Pagėgių kraštui, Pagėgių žmonėms, Pagėgių ateičiai"	42	koalicija-pagegiu-krastui-pagegiu-zmonems-pagegiu-ateiciai	koalicija
Liberalų sąjūdžio ir Lietuvos žaliųjų partijos koalicija „Už laisvę augti“	42	koalicija-rokiskio-krasto-koalicija-uz-laisve-augti	koalicija
Veiklių mažeikiečių koalicija	42	koalicija-veikliu-mazeikieciu-koalicija	koalicija
Visuomeninis rinkimų komitetas „Kretingos kraštas“	42	komitetas-kretingos-krastas	komitetas
KARTŲ SOLIDARUMO SĄJUNGA - SANTALKA LIETUVAI	41	kartu-solidarumo-sajunga	partija
Visuomeninis rinkimų komitetas „Naujas startas“	41	komitetas-naujas-startas	komitetas
Visuomeninis rinkimų komitetas „Živilės Pinskuvienės komanda – už sėkmingą Širvintų kraštą“	41	komitetas-ziviles-pinskuvienes-komanda-uz-sekminga-sirvintu-krasta	komitetas
Lietuvių tautininkų ir respublikonų sąjunga	40	lietuviu-tautininku-ir-respublikonu-sajunga	partija
Visuomeninis rinkimų komitetas „Judėk, Vilniau“	40	komitetas-judek-vilniau	komitetas
Antikorupcinė N. Puteikio ir K. Krivicko koalicija (Lietuvos centro partija, Lietuvos pensininkų partija)	38	koalicija-antikorupcine-n-puteikio-ir-k-krivicko-koalicija-lietuvos-centro-partija-lietuvos-pensininku-partija	koalicija
Koalicija „Mūsų vienybė ir darbas Zarasų krašto Žmonėms“	38	koalicija-musu-vienybe-ir-darbas-zarasu-krasto-zmonems	koalicija
Išsikėlė pati	37	issikele-pats	issikelimas
Leiboristų partija	37	leiboristu-partija	partija
Politinė partija „Profesinių sąjungų centras“	37	profesiniu-sajungu-centras	partija
Visuomeninis rinkimų komitetas „Alytaus piliečiai“	37	komitetas-alytaus-pilieciai	komitetas
Visuomeninis rinkimų komitetas „Vieningi Zarasai“	37	komitetas-vieningi-zarasai	komitetas
Liberalų sąjūdžio ir Tėvynės sąjungos-Lietuvos krikščionių demokratų koalicija „Visaginiečių koalicija“	36	koalicija-liberalu-sajudzio-ir-tevynes-sajungos-lietuvos-krikscioniu-demokratu-koalicija-visaginieciu-koalicija	koalicija
Visuomeninis rinkimų komitetas „Kartu Pakruojo labui“	36	komitetas-kartu-pakruojo-labui	komitetas
Visuomeninis rinkimų komitetas „Puteikis plius“	36	komitetas-puteikis-plius	komitetas
Kartu - už pažangą Vilniaus rajone! Tėvynės sąjungos-Lietuvos krikščionių demokratų ir Lietuvos Respublikos liberalų sąjūdžio koalicija	35	koalicija-kartu-uz-pazanga-vilniaus-rajone-tevynes-sajungos-lietuvos-krikscioniu-demokratu-ir-lietuvos-respublikos-liberalu-sajudzio-koalicija	koalicija
Koalicija „Pokyčių pavasaris“	35	koalicija-pokyciu-pavasaris	koalicija
Pakaunės krašto koalicija (Naujoji sąjunga (socialliberalai) ir Liberalų ir centro sąjunga)	35	koalicija-pakaunes-krasto-koalicija-naujoji-sajunga-socialliberalai-ir-liberalu-ir-centro-sajunga	koalicija
Visuomeninis rinkimų komitetas „Mano Klaipėda“	35	komitetas-mano-klaipeda	komitetas
Visuomeninis rinkimų komitetas „Molėtai kartu“	35	komitetas-moletai-kartu	komitetas
Visuomeninis rinkimų komitetas „Nepriklausomų kandidatų sąrašas Prienų kraštas“	35	komitetas-nepriklausomu-kandidatu-sarasas-prienu-krastas	komitetas
Visuomeninis rinkimų komitetas „Vilniečių „Lokys“	35	komitetas-vilnieciu-lokys	komitetas
Visuomeninis rinkimų komitetas „A. Bacevičiaus pilietinis sąrašas“	34	komitetas-a-baceviciaus-pilietinis-sarasas	komitetas
Visuomeninis rinkimų komitetas „Už pasitikėjimą, atsakomybę ir sėkmę“	34	komitetas-uz-pasitikejima-atsakomybe-ir-sekme	komitetas
Kovotojų už Lietuvą sąjunga	33	lietuvos-laisves-sajunga	partija
Liberalų koalicija	33	koalicija-liberalu-koalicija	koalicija
Lietuvos piliečių aljanso ir rusų sąjungos koalicija	33	koalicija-lietuvos-pilieciu-aljanso-ir-rusu-sajungos-koalicija	koalicija
Visuomeninis rinkimų komitetas „E. Kuturio komanda „Už permainas Pagėgių krašte“	33	komitetas-e-kuturio-komanda-uz-permainas-pagegiu-kraste	komitetas
Visuomeninis rinkimų komitetas „Mažeikių pavasaris“	33	komitetas-mazeikiu-pavasaris	komitetas
Koalicija "Bendras kelias" - nepartinių kandidatų, Tėvynės sąjungos ir Politinių kalinių ir tremtinių sąjungos jungtinis sąrašas	32	koalicija-bendras-kelias-nepartiniu-kandidatu-tevynes-sajungos-ir-politiniu-kaliniu-ir-tremtiniu-sajungos-jungtinis-sarasas	koalicija
Konservatorių, liberalų bei politinių kalinių ir tremtinių koalicija "VIENYBĖ"	32	koalicija-konservatoriu-liberalu-bei-politiniu-kaliniu-ir-tremtiniu-koalicija-vienybe	koalicija
Politinis komitetas „Atsigręžkime į žmogų“	32	komitetas-atsigrezkime-i-zmogu	komitetas
Visuomeninis rinkimų komitetas „Atsinaujinančiam Panevėžiui“	32	komitetas-atsinaujinanciam-paneveziui	komitetas
Visuomeninis rinkimų komitetas „Gedimino miestas“	32	komitetas-gedimino-miestas	komitetas
Visuomeninis rinkimų komitetas „Junkis“	32	komitetas-junkis	komitetas
Visuomeninis rinkimų komitetas „Už Prienų kraštą“	32	komitetas-uz-prienu-krasta	komitetas
Emigrantų partija	31	emigrantu-partija	partija
Politinis komitetas „Naujas startas Vilkaviškio kraštui“	31	komitetas-naujas-startas	komitetas
Visuomeninis rinkimų komitetas „Gintauto Labanausko komanda „Dirbam Kaunui“	31	komitetas-gintauto-labanausko-komanda-dirbam-kaunui	komitetas
Visuomeninis rinkimų komitetas „Mūsų kraštas“	31	komitetas-musu-krastas	komitetas
Visuomeninis rinkimų komitetas „Už Zarasų krašto ateitį!“	31	komitetas-uz-zarasu-krasto-ateiti	komitetas
Visuomeninis rinkimų komitetas „Valentino Tamulio komanda – mūsų krašto sėkmei“	31	komitetas-valentino-tamulio-komanda-musu-krasto-sekmei	komitetas
Koalicija "Už mūsų Neringą"	30	koalicija-uz-musu-neringa	koalicija
Lietuvos laisvės lyga	30	lietuvos-laisves-lyga	partija
Lietuvos politinių kalinių ir tremtinių sąjungos ir Tėvynės Sąjungos (LK) koalicija	30	koalicija-tevynes-sajungos-lietuvos-konservatoriai-ir-lietuvos-politiniu-kaliniu-ir-tremtiniu-sajungos-koalicija	koalicija
Lietuvos teisingumo partija	30	lietuvos-teisingumo-partija	partija
Politinis komitetas „Mūsų Jonava“	30	komitetas-musu-jonava	komitetas
Politinis komitetas „Vieninga Plungė“	30	komitetas-vieninga-plunge	komitetas
Visuomeninis rinkimų komitetas „Kaunas – kitokia Lietuva“	30	komitetas-kaunas-kitokia-lietuva	komitetas
Visuomeninis rinkimų komitetas „Tavo Ukmergė“	30	komitetas-tavo-ukmerge	komitetas
Visuomeninis rinkimų komitetas „Vytautas Grubliauskas ir komanda“	30	komitetas-vytautas-grubliauskas-ir-komanda	komitetas
Koalicija "Santarvės kelias"	29	koalicija-santarves-kelias	koalicija
Lietuvos liberalų sąjungos ir moderniųjų krikščionių demokratų sąjungos koalicija "Komanda, kurią vienija darbas"	29	koalicija-lietuvos-liberalu-sajungos-ir-moderniuju-krikscioniu-demokratu-sajungos-koalicija-komanda-kuria-vienija-darbas	koalicija
Visuomeninis rinkimų komitetas „Antano Vagonio komitetas“	29	komitetas-antano-vagonio-komitetas	komitetas
Visuomeninis rinkimų komitetas „Bendrai geriau“	29	komitetas-bendrai-geriau	komitetas
Visuomeninis rinkimų komitetas „Pagėgių krašto vardan“	29	komitetas-pagegiu-krasto-vardan	komitetas
Visuomeninis rinkimų komitetas „Povilas Urbšys už sąrašą KARTU“	29	komitetas-povilas-urbsys-uz-sarasa-kartu	komitetas
Visuomeninis rinkimų komitetas „Rasai“	29	komitetas-uz-rasus	komitetas
„Šiaulių labui!“	29	siauliu-labui	partija
Lietuvos centro sąjungos ir Lietuvos liberalų sąjungos koalicija	28	koalicija-lietuvos-centro-sajungos-ir-lietuvos-liberalu-sajungos-koalicija	koalicija
Visuomeninis rinkimų komitetas „Su Sinkevičiumi ir Osausku“	28	komitetas-su-sinkeviciumi-ir-osausku	komitetas
Visuomeninis rinkimų komitetas „Už Šakių rajono gyventojų ateitį“	28	komitetas-uz-sakiu-rajono-gyventoju-ateiti	komitetas
Koalicija "Čia mūsų namai"	27	koalicija-cia-musu-namai	koalicija
Lietuvos gyvenimo logikos partija	27	lietuvos-gyvenimo-logikos-partija	partija
Lietuvos valstiečių ir Lietuvos ūkio partijų koalicija	27	koalicija-lietuvos-valstieciu-ir-lietuvos-ukio-partiju-koalicija	koalicija
Politinis komitetas „Atsinaujinančiam Panevėžiui“	27	komitetas-atsinaujinanciam-paneveziui	komitetas
Politinis komitetas „Už Alytų“	27	komitetas-uz-alytu	komitetas
Visuomeninis rinkimų komitetas „Šaukiam tautą“	27	komitetas-saukiam-tauta	komitetas
Koalicija "Už tikrąją savivaldą" - Lietuvos demokratinė darbo partija, Naujoji sąjunga (socialliberalai) ir Naujoji demokratija / Moterų partija	26	koalicija-uz-tikraja-savivalda-lietuvos-demokratine-darbo-partija-naujoji-sajunga-socialliberalai-ir-naujoji-demokratija-moteru-partija	koalicija
Koalicija „Petys į petį vardan Ignalinos krašto!“	26	koalicija-petys-i-peti-vardan-ignalinos-krasto	koalicija
Politinis komitetas „Kurk Zarasams“	26	komitetas-kurk-zarasams	komitetas
Tėvynės sąjungos koalicija	26	koalicija-tevynes-sajungos-koalicija	koalicija
Visuomeninis rinkimų komitetas „ŠNVOK – čia ir dabar!“	26	komitetas-snvok-cia-ir-dabar	komitetas
Visuomeninis rinkimų komitetas „Šaukiame tautą“	26	komitetas-saukiame-tauta	komitetas
Politinis komitetas Kretingos kraštas	25	komitetas-kretingos-krastas	komitetas
Politinis komitetas „Švari savivalda“	25	komitetas-svari-savivalda	komitetas
Visuomeninis rinkimų komitetas „K. Šimkaus komanda „Už Jurbarko kraštą“	25	komitetas-k-simkaus-komanda-uz-jurbarko-krasta	komitetas
Visuomeninis rinkimų komitetas „Vardan Kaišiadorių krašto“	25	komitetas-vardan-kaisiadoriu-krasto	komitetas
Visuomeninis rinkimų komitetas „Vilnius gali“	25	komitetas-vilnius-gali	komitetas
„Klaipėdos“ visuomeninis rinkimų komitetas	25	komitetas-klaipedos	komitetas
G.Vagnoriaus koalicija	24	koalicija-g-vagnoriaus-koalicija	koalicija
Krikščioniška koalicija su Algiu Kašėta	24	koalicija-krikscioniska-koalicija-su-algiu-kaseta	koalicija
Liaudies koalicija "UŽ TEISINGĄ LIETUVĄ"	24	koalicija-liaudies-koalicija-uz-teisinga-lietuva	koalicija
Visuomeninis rinkimų komitetas „Kurkime jaukų miestą KARTU“	24	komitetas-kurkime-jauku-miesta-kartu	komitetas
Visuomeninis rinkimų komitetas „Kviečiu aš tautą Kelmės krašte“	24	komitetas-kvieciu-as-tauta-kelmes-kraste	komitetas
Visuomeninis rinkimų komitetas „Patriotų sąjūdis už Elektrėnų kraštą“	24	komitetas-patriotu-sajudis-uz-elektrenu-krasta	komitetas
Visuomeninis rinkimų komitetas „Už vieningus zanavykus“	24	komitetas-uz-vieningus-zanavykus	komitetas
išsikėlė pats	24	issikele-pats	issikelimas
Nepartinių judėjimas "Rinkimai 96"	23	rinkimai-96	partija
Politinis komitetas „Bendrai geriau“	23	komitetas-bendrai-geriau	komitetas
Politinis komitetas „Jaunoji Kazlų Rūda“	23	komitetas-jaunoji-kazlu-ruda	komitetas
Politinis komitetas „Kartu mes galime“	23	komitetas-kartu-mes-galime	komitetas
Visuomeninis rinkimų komitetas “Nepartinių palangiškių sąjūdis”	23	komitetas-nepartiniu-palangiskiu-sajudis	komitetas
Visuomeninis rinkimų komitetas „Alytaus sąjūdis“	23	komitetas-alytaus-sajudis	komitetas
Visuomeninis rinkimų komitetas „Pirmyn, Palanga ir Šventoji!“	23	komitetas-pirmyn-palanga-ir-sventoji	komitetas
Koalicija "Rasai"	22	koalicija-rasai	koalicija
Lietuvos krikščionių demokratų partijos ir Lietuvos politinių kalinių ir tremtinių sąj. koalicija	22	koalicija-lietuvos-krikscioniu-demokratu-partijos-ir-lietuvos-politiniu-kaliniu-ir-tremtiniu-saj-koalicija	koalicija
Taikos koalicija (Lietuvos krikščioniškosios demokratijos partija, Žemaičių partija)	22	koalicija-taikos-koalicija-lietuvos-krikscioniskosios-demokratijos-partija-zemaiciu-partija	koalicija
Visuomeninis rinkimų komitetas „Komanda – už Kėdainių krašto žmones“	22	komitetas-komanda-uz-kedainiu-krasto-zmones	komitetas
Visuomeninis rinkimų komitetas „Mūsų Telšiai“	22	komitetas-musu-telsiai	komitetas
„Valdemaro Tomaševskio blokas“ – Krikščioniškų šeimų sąjungos ir Rusų aljanso koalicija	22	koalicija-lenku-rinkimu-akcijos-ir-rusu-aljanso-koalicija-valdemaro-tomasevskio-blokas	koalicija
Liberalų sąjungos ir Centro sąjungos koalicija	21	koalicija-lietuvos-centro-sajungos-ir-lietuvos-liberalu-sajungos-koalicija	koalicija
Lietuvos lenkų rinkimų akcijos ir Lietuvos rusų sąjungos koalicija „Kartu mes jėga!“	21	koalicija-lietuvos-lenku-rinkimu-akcijos-ir-lietuvos-rusu-sajungos-koalicija-kartu-mes-jega	koalicija
Molėtai kartu	21	moletai-kartu	partija
Politinis komitetas Ištikimi Klaipėdai	21	komitetas-istikimi-klaipedai	komitetas
Visuomeninis rinkimų komitetas „Mažeikių kraštas“	21	komitetas-mazeikiu-krastas	komitetas
Visuomeninis rinkimų komitetas „Vytautas Radžvilas: susigrąžinkime valstybę!“	21	komitetas-vytautas-radzvilas-susigrazinkime-valstybe	komitetas
Centro dešiniųjų koalicija	20	koalicija-centro-desiniuju-koalicija	koalicija
Vilhelmo Džiugelio jungtinė lyderių koalicija "Mums rūpi Mažeikių kraštas"	20	koalicija-vilhelmo-dziugelio-jungtine-lyderiu-koalicija-mums-rupi-mazeikiu-krastas	koalicija
Visuomeninis rinkimų komitetas „Jurbarko kraštui“	20	komitetas-jurbarko-krastui	komitetas
Visuomeninis rinkimų komitetas „Tavo Raseiniai“	20	komitetas-tavo-raseiniai	komitetas
Visuomeninis rinkimų komitetas „Už geresnį gyvenimą visiems“	20	komitetas-uz-geresni-gyvenima-visiems	komitetas
Visuomeninis rinkimų komitetas „Vieningi su Ramūnu Godeliausku“	20	komitetas-vieningi-su-ramunu-godeliausku	komitetas
Centro ir tautininkų sąjungų koalicija "Vidurio kelias"	19	koalicija-centro-ir-tautininku-sajungu-koalicija-vidurio-kelias	koalicija
Koalicija "Kitaip"	19	koalicija-kitaip	koalicija
Koalicija "Vieningas Kaunas"	19	koalicija-vieningas-kaunas	koalicija
Politinis komitetas „Tau, kraštieti!“	19	komitetas-tau-krastieti	komitetas
Politinis komitetas „Vieningi zanavykai“	19	komitetas-uz-vieningus-zanavykus	komitetas
Politinė partija Rusų Aljansas	19	rusu-aljansas	partija
Visuomeninis rinkimų komitetas „I. Sedleckaitės pilietinis sąrašas korupcijai ne“	19	komitetas-i-sedleckaites-pilietinis-sarasas-korupcijai-ne	komitetas
Visuomeninis rinkimų komitetas „Už vieningą Kelmę“	19	komitetas-uz-vieninga-kelme	komitetas
Visuomeninis rinkimų komitetas „Z. Grikšelio komanda, remiama N. Puteikio“	19	komitetas-z-grikselio-komanda-remiama-n-puteikio	komitetas
Gintaro Šileikio visuomeninis rinkimų komitetas	18	komitetas-gintaro-sileikio	komitetas
Politinis komitetas „Už šviesią Kretingą“	18	komitetas-uz-sviesia-kretinga	komitetas
Smulkaus ir vidutinio verslo partija	18	smulkaus-ir-vidutinio-verslo-partija	partija
Visuomeninis rinkimų komitetas „A. Liogės sąrašas, remiamas N. Puteikio“	18	komitetas-a-lioges-sarasas-remiamas-n-puteikio	komitetas
Visuomeninis rinkimų komitetas „Druskininkai“	18	komitetas-druskininkai	komitetas
Visuomeninis rinkimų komitetas „Jaunoji karta“	18	komitetas-jaunoji-karta	komitetas
Visuomeninis rinkimų komitetas „Mindaugo Gervaldo susivienijimas „Prieš korupciją“	18	komitetas-mindaugo-gervaldo-susivienijimas-pries-korupcija	komitetas
Visuomeninis rinkimų komitetas „Vilkaviškis 2015“	18	komitetas-vilkaviskis-2015	komitetas
Visuomeninis rinkimų komitetas „Šilutės kraštas“	18	komitetas-silutes-krastas	komitetas
Nepriklausomybės partija	17	nepriklausomybes-partija	partija
Visuomeninis rinkimų komitetas „Laisvieji piliečiai“	17	komitetas-laisvieji-pilieciai	komitetas
Visuomeninis rinkimų komitetas „Permainų laikas“	17	komitetas-permainu-laikas	komitetas
Visuomeninis rinkimų komitetas „Rusakalbė Klaipėda“	17	komitetas-rusakalbe-klaipeda	komitetas
Visuomeninis rinkimų komitetas „Titov ir teisingumas“	17	komitetas-titov-ir-teisingumas	komitetas
Visuomeninis rinkimų komitetas „Už Jaunąją Sūduvą“	17	komitetas-jaunoji-kazlu-ruda	komitetas
Visuomeninis rinkimų komitetas „Už savo kraštą“	17	komitetas-uz-savo-krasta	komitetas
Algirdo Mačiulaičio visuomeninis rinkimų komitetas	16	komitetas-algirdo-maciulaicio	komitetas
Nepartinė "Jaunosios Sūduvos" koalicija	16	koalicija-nepartine-jaunosios-suduvos-koalicija	koalicija
Politinis komitetas „Nepartinė savivalda“	16	komitetas-nepartine-savivalda	komitetas
Politinis komitetas „Panevėžio labui“	16	komitetas-panevezio-labui	komitetas
Visuomeninis rinkimų komitetas „Kartu – Pagėgių kraštui“	16	komitetas-kartu-pagegiu-krastui	komitetas
Visuomeninis rinkimų komitetas „Kupiškio kraštą keiskime kartu“	16	komitetas-kupiskio-krasta-keiskime-kartu	komitetas
Visuomeninis rinkimų komitetas „Laimutės Šlamienės ir Algirdo Fergelio komitetas Radviliškyje „Už meilę žmogui“	16	komitetas-laimutes-slamienes-ir-algirdo-fergelio-komitetas-radviliskyje-uz-meile-zmogui	komitetas
Visuomeninis rinkimų komitetas „Mums svarbu“	16	komitetas-mums-svarbu	komitetas
Visuomeninis rinkimų komitetas „N. Puteikio komanda“	16	komitetas-n-puteikio-komanda	komitetas
Visuomeninis rinkimų komitetas „Pilietinė iniciatyva“	16	komitetas-pilietine-iniciatyva	komitetas
Lietuvos Demokratų Partijos ir Lietuvių Tautininkų Sąjungos koalicija	15	koalicija-lietuviu-tautininku-ir-lietuvos-demokratu-partijos-koalicija	koalicija
Lietuvos reformų partija	15	lietuvos-reformu-partija	partija
Politinis komitetas „Siekime kartu“	15	komitetas-siekime-kartu	komitetas
Tautos vienybės sąjunga	15	pilietines-demokratijos-partija	partija
Visuomeninis rinkimų komitetas „Biržai – mūsų kraštas“	15	komitetas-birzai-musu-krastas	komitetas
Visuomeninis rinkimų komitetas „Kretingiškiai – už bočius, tėvus ir vaikus“	15	komitetas-kretingiskiai-uz-bocius-tevus-ir-vaikus	komitetas
Visuomeninis rinkimų komitetas „Mes esame Kitokie“	15	komitetas-mes-esame-kitokie	komitetas
Visuomeninis rinkimų komitetas „Plungės kraštas“	15	komitetas-plunges-krastas	komitetas
Visuomeninis rinkimų komitetas „Stipri Lietuva vieningoje Europoje“	15	komitetas-stipri-lietuva-vieningoje-europoje	komitetas
Visuomeninis rinkimų komitetas „Už geresnę ateitį Marijampolėje“	15	komitetas-uz-geresne-ateiti-marijampoleje	komitetas
Visuomeninis rinkimų komitetas „Už pokyčius Klaipėdoje“	15	komitetas-uz-pokycius-klaipedoje	komitetas
Visuomeninis rinkimų komitetas „Vardan žmogaus“	15	komitetas-vardan-zmogaus	komitetas
Raseinių žemaitis	14	raseiniu-zemaitis	partija
Visuomeninis rinkimų komitetas „Druskininkų dešinieji“	14	komitetas-druskininku-desinieji	komitetas
Visuomeninis rinkimų komitetas „Druskininkų „Naujasis“	14	komitetas-druskininku-naujasis	komitetas
Visuomeninis rinkimų komitetas „Už Visaginą“	14	komitetas-uz-visagina	komitetas
Visuomeninis rinkimų komitetas „Už ateitį ir teisingumą, remiami Puteikio“	14	komitetas-uz-ateiti-ir-teisinguma-remiami-puteikio	komitetas
Visuomeninis rinkimų komitetas „Už klestintį Trakų kraštą“	14	komitetas-uz-klestinti-traku-krasta	komitetas
„Vilkmergės“ visuomeninis rinkimų komitetas	14	komitetas-vilkmerges	komitetas
Visuomeninis rinkimų komitetas „Jums“	13	komitetas-jums	komitetas
Visuomeninis rinkimų komitetas „Kurk Zarasams“	13	komitetas-kurk-zarasams	komitetas
Visuomeninis rinkimų komitetas „Nepartinė savivalda“	13	komitetas-nepartine-savivalda	komitetas
Visuomeninis rinkimų komitetas „Trakų krašto reikalas“	13	komitetas-traku-krasto-reikalas	komitetas
Visuomeninis rinkimų komitetas „Vieninga Neringa“	13	komitetas-vieninga-neringa	komitetas
Šilališkių koalicija	13	koalicija-silaliskiu-koalicija	koalicija
Lietuvos socialinio teisingumo sąjunga	12	lietuvos-socialinio-teisingumo-sajunga	partija
Violetos Grigienės visuomeninis rinkimų komitetas „Drauge“	12	komitetas-violetos-grigienes-visuomeninis-rinkimu-komitetas-drauge	komitetas
Visuomeninis rinkimų komitetas „Kartu kurkime Kupiškio kraštą“	12	komitetas-kupiskio-krasta-keiskime-kartu	komitetas
Visuomeninis rinkimų komitetas „Lemiamas šuolis“	12	komitetas-lemiamas-suolis	komitetas
Visuomeninis rinkimų komitetas „Už Kupiškio kraštą“	12	komitetas-uz-kupiskio-krasta	komitetas
"FRONTO" PARTIJA	11	fronto-partija	partija
Nepartinių ir nepriklausomų koalicija	11	koalicija-nepartiniu-ir-nepriklausomu-koalicija	koalicija
Nepriklausomų kandidatų koalicija	11	koalicija-nepriklausomu-kandidatu-koalicija	koalicija
Tautinė partija LIETUVOS KELIAS	11	lietuvos-kelias	partija
Ūkio ir valstiečių partijų koalicija	11	koalicija-lietuvos-valstieciu-ir-lietuvos-ukio-partiju-koalicija	koalicija
Visuomeninis rinkimų komitetas „Palangiškiai“	10	komitetas-palangiskiai	komitetas
Visuomeninis rinkimų komitetas „Prezidento Rolando Pakso judėjimas“	10	komitetas-prezidento-rolando-pakso-judejimas	komitetas
Visuomeninis rinkimų komitetas „Vieningas Birštonas“	10	komitetas-vieningas-birstonas	komitetas
Bendruomenių lyderių koalicija	9	koalicija-bendruomeniu-lyderiu-koalicija	koalicija
Lietuvos lenkų rinkimų akcija, Politinė partija Rusų aljansas	9	llra-ir-rusu-aljansas	koalicija
Nepartinių kandidatų koalicija	9	koalicija-nepartiniu-kandidatu-koalicija	koalicija
Nepartinė pilietinė koalicija	9	koalicija-nepartine-pilietine-koalicija	koalicija
Visuomeninis rinkimų komitetas „Aušros Maldeikienės traukinys“	9	komitetas-ausros-maldeikienes-traukinys	komitetas
Koalicija "Už Anykščių kraštą"	8	koalicija-uz-anyksciu-krasta	koalicija
Nepriklausomų anykštėnų koalicija	7	koalicija-nepriklausomu-anykstenu-koalicija	koalicija
Stasio Žirgulio nepriklausomų kandidatų koalicija	7	koalicija-stasio-zirgulio-nepriklausomu-kandidatu-koalicija	koalicija
Nepartinė koalicija "Elektrėnų kraštas"	6	koalicija-nepartine-koalicija-elektrenu-krastas	koalicija
Koalicija "Mes - nepartiniai grįžę emigrantai"	5	koalicija-mes-nepartiniai-grize-emigrantai	koalicija
Koalicija "Už pokyčius"	5	koalicija-uz-pokycius	koalicija
Koalicija "Vieninga Plungė"	5	koalicija-vieninga-plunge	koalicija
Lietuvos lenkų rinkimų akcija – Krikščioniškų šeimų sąjunga, Politinė partija Rusų aljansas	5	llra-ir-rusu-aljansas	koalicija
Nepartinių kandidatų koalicija "Už Birštono jaunimą"	5	koalicija-nepartiniu-kandidatu-koalicija-uz-birstono-jaunima	koalicija
Politinė partija „Lietuvos žaliųjų sąjūdis“	5	lietuvos-zaliuju-partija	partija
Veiklių moterų koalicija	4	koalicija-veikliu-moteru-koalicija	koalicija
Lietuvos centro partija, išsikėlė pats	3	lietuvos-centro-partija	partija
Nepriklausomų Pasvalio krašto kandidatų koalicija "Už teigiamas permainas"	3	koalicija-nepriklausomu-pasvalio-krasto-kandidatu-koalicija-uz-teigiamas-permainas	koalicija
Partija Tvarka ir teisingumas, išsikėlė pats	3	tvarka-ir-teisingumas	partija
Politinė partija "Nemuno Aušra"	3	nemuno-ausra	partija
išsikėlė pati	3	issikele-pats	issikelimas
Jonų koalicija	2	koalicija-jonu-koalicija	koalicija
Lietuvos centro partija, išsikėlė pati	2	lietuvos-centro-partija	partija
Naujosios demokratijos partija	2	naujosios-demokratijos-partija	partija
Počobuto ir Vinčo koalicija	2	koalicija-pocobuto-ir-vinco-koalicija	koalicija
Žagarės krašto atgimimo koalicija	2	koalicija-zagares-krasto-atgimimo-koalicija	koalicija
Darbo partija, Lietuvos žaliųjų partija	1	dp-ir-lzp	koalicija
Darbo partija, Visuomeninis rinkimų komitetas „Permainų laikas“	1	dp-ir-komitetas-permainu-laikas	koalicija
Demokratų sąjunga "Vardan Lietuvos"	1	vardan-lietuvos	partija
Demokratų sąjunga „Vardan Lietuvos"	1	vardan-lietuvos	partija
Laisvės partija, Tėvynės sąjunga-Lietuvos krikščionys demokratai, Liberalų sąjūdis	1	lp-ts-lkd-ir-ls	koalicija
Lietuvos Respublikos liberalų sąjūdis, Tėvynės sąjunga-Lietuvos krikščionys demokratai	1	lrls-ir-ts-lkd	koalicija
Lietuvos laisvės sąjunga (liberalai), išsikėlė pats	1	lietuvos-laisves-sajunga-liberalai	partija
Lietuvos valstiečių ir žaliųjų sąjunga, išsikėlė pats	1	lvzs	partija
Lietuvos valstiečių ir žaliųjų sąjunga; Lietuvos centro partija	1	lvzs-ir-lcp	koalicija
Partija "Laisvė ir teisingumas"	1	laisve-ir-teisingumas	partija
Pensininkų partija	1	lietuvos-pensininku-partija	partija
Politinė partija Rusų aljansas, Lietuvos lenkų rinkimų akcija – Krikščioniškų šeimų sąjunga	1	llra-ir-rusu-aljansas	koalicija
Politinė partija „Lietuvos sąrašas“, išsikėlė pats	1	lietuvos-sarasas	partija
Tėvynės sąjunga - Lietuvos krikščionys demokratai, išsikėlė pats	1	ts-lkd	partija
Tėvynės sąjunga – Lietuvos krikščionys demokratai; Išsikėlė pati	1	ts-lkd	partija
Tėvynės sąjunga – Lietuvos krikščionys demokratai; Išsikėlė pats	1	ts-lkd	partija
Visuomeninis rinkimų komitetas „Už augančią Kelmę!“	1	komitetas-uz-augancia-kelme	komitetas
